,index,url,age
0,2723,http://www.jiayuan.com/158639070?fxly=search_v2_index,18
1,2721,http://www.jiayuan.com/157987075?fxly=search_v2_index,18
2,2719,http://www.jiayuan.com/169618711?fxly=search_v2_index,18
3,2717,http://www.jiayuan.com/168769214?fxly=search_v2_index,18
4,2715,http://www.jiayuan.com/156851224?fxly=search_v2_index,18
5,2713,http://www.jiayuan.com/165250755?fxly=search_v2_index,18
6,2711,http://www.jiayuan.com/164306018?fxly=search_v2_index,18
7,2709,http://www.jiayuan.com/154730778?fxly=search_v2_index,18
8,2707,http://www.jiayuan.com/169660024?fxly=search_v2_index,18
9,2705,http://www.jiayuan.com/156395549?fxly=search_v2_index,18
10,2703,http://www.jiayuan.com/156837532?fxly=search_v2_index,18
11,2701,http://www.jiayuan.com/169285185?fxly=search_v2_index,18
12,2699,http://www.jiayuan.com/167707714?fxly=search_v2_index,18
13,2697,http://www.jiayuan.com/159014095?fxly=search_v2_index,18
14,2695,http://www.jiayuan.com/155013933?fxly=search_v2_index,18
15,2693,http://www.jiayuan.com/165627147?fxly=search_v2_index,18
16,2691,http://www.jiayuan.com/169653480?fxly=search_v2_index,18
17,2689,http://www.jiayuan.com/169696436?fxly=search_v2_index,18
18,2687,http://www.jiayuan.com/166169167?fxly=search_v2_index,18
19,2685,http://www.jiayuan.com/168912507?fxly=search_v2_index,18
20,2683,http://www.jiayuan.com/157954253?fxly=search_v2_index,18
21,2681,http://www.jiayuan.com/153717678?fxly=search_v2_index,18
22,2679,http://www.jiayuan.com/163271404?fxly=search_v2_index,18
23,2677,http://www.jiayuan.com/162199079?fxly=search_v2_index,18
24,2675,http://www.jiayuan.com/126010855?fxly=search_v2,18
25,2673,http://www.jiayuan.com/147276764?fxly=search_v2,18
26,2671,http://www.jiayuan.com/150476042?fxly=search_v2,18
27,2669,http://www.jiayuan.com/151785050?fxly=search_v2,18
28,2667,http://www.jiayuan.com/141531644?fxly=search_v2,18
29,2665,http://www.jiayuan.com/146062843?fxly=search_v2,18
30,2663,http://www.jiayuan.com/148193477?fxly=search_v2,18
31,2661,http://www.jiayuan.com/145086094?fxly=search_v2,18
32,2659,http://www.jiayuan.com/146023765?fxly=search_v2,18
33,2657,http://www.jiayuan.com/136555380?fxly=search_v2,18
34,2655,http://www.jiayuan.com/136243850?fxly=search_v2,18
35,2653,http://www.jiayuan.com/150911314?fxly=search_v2,18
36,2651,http://www.jiayuan.com/131940744?fxly=search_v2,18
37,2649,http://www.jiayuan.com/149310043?fxly=search_v2,18
38,2647,http://www.jiayuan.com/125610445?fxly=search_v2,18
39,2645,http://www.jiayuan.com/144515617?fxly=search_v2,18
40,2643,http://www.jiayuan.com/152904685?fxly=search_v2,18
41,2641,http://www.jiayuan.com/139749246?fxly=search_v2,18
42,2639,http://www.jiayuan.com/119404638?fxly=search_v2,18
43,2637,http://www.jiayuan.com/137400801?fxly=search_v2,18
44,2635,http://www.jiayuan.com/149582786?fxly=search_v2,18
45,2633,http://www.jiayuan.com/144790029?fxly=search_v2,18
46,2631,http://www.jiayuan.com/120030376?fxly=search_v2,18
47,2629,http://www.jiayuan.com/139051135?fxly=search_v2,18
48,2627,http://www.jiayuan.com/98228169?fxly=search_v2,18
49,2625,http://www.jiayuan.com/90825812?fxly=search_v2,18
50,2623,http://www.jiayuan.com/105983347?fxly=search_v2,18
51,2621,http://www.jiayuan.com/112855956?fxly=search_v2,18
52,2619,http://www.jiayuan.com/100463819?fxly=search_v2,18
53,2617,http://www.jiayuan.com/86254261?fxly=search_v2,18
54,2615,http://www.jiayuan.com/110631619?fxly=search_v2,18
55,2613,http://www.jiayuan.com/86658264?fxly=search_v2,18
56,2611,http://www.jiayuan.com/87857147?fxly=search_v2,18
57,2609,http://www.jiayuan.com/87404230?fxly=search_v2,18
58,2607,http://www.jiayuan.com/94999297?fxly=search_v2,18
59,2605,http://www.jiayuan.com/84997518?fxly=search_v2,18
60,2603,http://www.jiayuan.com/119080975?fxly=search_v2,18
61,2601,http://www.jiayuan.com/110879160?fxly=search_v2,18
62,2599,http://www.jiayuan.com/101655868?fxly=search_v2,18
63,2597,http://www.jiayuan.com/109342208?fxly=search_v2,18
64,2595,http://www.jiayuan.com/111155541?fxly=search_v2,18
65,2593,http://www.jiayuan.com/86724486?fxly=search_v2,18
66,2591,http://www.jiayuan.com/109357785?fxly=search_v2,18
67,2589,http://www.jiayuan.com/99508301?fxly=search_v2,18
68,2587,http://www.jiayuan.com/113783128?fxly=search_v2,18
69,2585,http://www.jiayuan.com/115854614?fxly=search_v2,18
70,2583,http://www.jiayuan.com/95939509?fxly=search_v2,18
71,2581,http://www.jiayuan.com/101829240?fxly=search_v2,18
72,2579,http://www.jiayuan.com/53103202?fxly=search_v2,18
73,2577,http://www.jiayuan.com/62772374?fxly=search_v2,18
74,2575,http://www.jiayuan.com/58995306?fxly=search_v2,18
75,2573,http://www.jiayuan.com/56297607?fxly=search_v2,18
76,2571,http://www.jiayuan.com/80566479?fxly=search_v2,18
77,2569,http://www.jiayuan.com/74722797?fxly=search_v2,18
78,2567,http://www.jiayuan.com/55171984?fxly=search_v2,18
79,2565,http://www.jiayuan.com/73485038?fxly=search_v2,18
80,2563,http://www.jiayuan.com/65263249?fxly=search_v2,18
81,2561,http://www.jiayuan.com/79365853?fxly=search_v2,18
82,2559,http://www.jiayuan.com/69131445?fxly=search_v2,18
83,2557,http://www.jiayuan.com/82592863?fxly=search_v2,18
84,2555,http://www.jiayuan.com/56438758?fxly=search_v2,18
85,2553,http://www.jiayuan.com/82465402?fxly=search_v2,18
86,2551,http://www.jiayuan.com/53332317?fxly=search_v2,18
87,2549,http://www.jiayuan.com/67557964?fxly=search_v2,18
88,2547,http://www.jiayuan.com/69108468?fxly=search_v2,18
89,2545,http://www.jiayuan.com/62547259?fxly=search_v2,18
90,2543,http://www.jiayuan.com/54910684?fxly=search_v2,18
91,2541,http://www.jiayuan.com/67709728?fxly=search_v2,18
92,2539,http://www.jiayuan.com/67146610?fxly=search_v2,18
93,2537,http://www.jiayuan.com/70711595?fxly=search_v2,18
94,2535,http://www.jiayuan.com/56421185?fxly=search_v2,18
95,2533,http://www.jiayuan.com/77763273?fxly=search_v2,18
96,2531,http://www.jiayuan.com/50241971?fxly=search_v2,18
97,2529,http://www.jiayuan.com/51904504?fxly=search_v2,18
98,2527,http://www.jiayuan.com/44524442?fxly=search_v2,18
99,2525,http://www.jiayuan.com/43132230?fxly=search_v2,18
100,2523,http://www.jiayuan.com/47138921?fxly=search_v2,18
101,2521,http://www.jiayuan.com/47250525?fxly=search_v2,18
102,2519,http://www.jiayuan.com/47495601?fxly=search_v2,18
103,2517,http://www.jiayuan.com/45904318?fxly=search_v2,18
104,2515,http://www.jiayuan.com/47601525?fxly=search_v2,18
105,2513,http://www.jiayuan.com/44793067?fxly=search_v2,18
106,2511,http://www.jiayuan.com/43882276?fxly=search_v2,18
107,2509,http://www.jiayuan.com/42005042?fxly=search_v2,18
108,2507,http://www.jiayuan.com/49097064?fxly=search_v2,18
109,2505,http://www.jiayuan.com/41985412?fxly=search_v2,18
110,2503,http://www.jiayuan.com/52361512?fxly=search_v2,18
111,2501,http://www.jiayuan.com/40622690?fxly=search_v2,18
112,2499,http://www.jiayuan.com/48689363?fxly=search_v2,18
113,2497,http://www.jiayuan.com/43201737?fxly=search_v2,18
114,2495,http://www.jiayuan.com/46810490?fxly=search_v2,18
115,2493,http://www.jiayuan.com/41946155?fxly=search_v2,18
116,2491,http://www.jiayuan.com/47046292?fxly=search_v2,18
117,2489,http://www.jiayuan.com/44192748?fxly=search_v2,18
118,2487,http://www.jiayuan.com/48753276?fxly=search_v2,18
119,2485,http://www.jiayuan.com/51126362?fxly=search_v2,18
120,2483,http://www.jiayuan.com/32078539?fxly=search_v2,18
121,2481,http://www.jiayuan.com/27487109?fxly=search_v2,18
122,2479,http://www.jiayuan.com/28443047?fxly=search_v2,18
123,2477,http://www.jiayuan.com/29909700?fxly=search_v2,18
124,2475,http://www.jiayuan.com/25371646?fxly=search_v2,18
125,2473,http://www.jiayuan.com/28152646?fxly=search_v2,18
126,2471,http://www.jiayuan.com/27801782?fxly=search_v2,18
127,2469,http://www.jiayuan.com/33132740?fxly=search_v2,18
128,2467,http://www.jiayuan.com/35804334?fxly=search_v2,18
129,2465,http://www.jiayuan.com/25808670?fxly=search_v2,18
130,2463,http://www.jiayuan.com/37808811?fxly=search_v2,18
131,2461,http://www.jiayuan.com/39647788?fxly=search_v2,18
132,2459,http://www.jiayuan.com/27995415?fxly=search_v2,18
133,2457,http://www.jiayuan.com/28296833?fxly=search_v2,18
134,2455,http://www.jiayuan.com/29153358?fxly=search_v2,18
135,2453,http://www.jiayuan.com/36944064?fxly=search_v2,18
136,2451,http://www.jiayuan.com/38793744?fxly=search_v2,18
137,2449,http://www.jiayuan.com/27029686?fxly=search_v2,18
138,2447,http://www.jiayuan.com/35438931?fxly=search_v2,18
139,2445,http://www.jiayuan.com/29433767?fxly=search_v2,18
140,2443,http://www.jiayuan.com/38350415?fxly=search_v2,18
141,2441,http://www.jiayuan.com/38056659?fxly=search_v2,18
142,2439,http://www.jiayuan.com/35809863?fxly=search_v2,18
143,2437,http://www.jiayuan.com/31375736?fxly=search_v2,18
144,2435,http://www.jiayuan.com/24952892?fxly=search_v2,18
145,2433,http://www.jiayuan.com/24874693?fxly=search_v2,18
146,2431,http://www.jiayuan.com/13038744?fxly=search_v2,18
147,2429,http://www.jiayuan.com/21221556?fxly=search_v2,18
148,2427,http://www.jiayuan.com/13107402?fxly=search_v2,18
149,2425,http://www.jiayuan.com/14892526?fxly=search_v2,18
150,2423,http://www.jiayuan.com/19160644?fxly=search_v2,18
151,2421,http://www.jiayuan.com/18174314?fxly=search_v2,18
152,2419,http://www.jiayuan.com/22354715?fxly=search_v2,18
153,2417,http://www.jiayuan.com/19843964?fxly=search_v2,18
154,2415,http://www.jiayuan.com/23581208?fxly=search_v2,18
155,2413,http://www.jiayuan.com/19277561?fxly=search_v2,18
156,2411,http://www.jiayuan.com/13232353?fxly=search_v2,18
157,2409,http://www.jiayuan.com/14382594?fxly=search_v2,18
158,2407,http://www.jiayuan.com/15830796?fxly=search_v2,18
159,2405,http://www.jiayuan.com/24149956?fxly=search_v2,18
160,2403,http://www.jiayuan.com/18893273?fxly=search_v2,18
161,2401,http://www.jiayuan.com/17852711?fxly=search_v2,18
162,2399,http://www.jiayuan.com/16085555?fxly=search_v2,18
163,2397,http://www.jiayuan.com/19792241?fxly=search_v2,18
164,2395,http://www.jiayuan.com/13147723?fxly=search_v2,18
165,2393,http://www.jiayuan.com/22623304?fxly=search_v2,18
166,2391,http://www.jiayuan.com/17338234?fxly=search_v2,18
167,2389,http://www.jiayuan.com/21521698?fxly=search_v2,18
168,2387,http://www.jiayuan.com/153189190?fxly=search_v2,18
169,2385,http://www.jiayuan.com/164989140?fxly=search_v2,18
170,2383,http://www.jiayuan.com/5127375?fxly=search_v2,18
171,2381,http://www.jiayuan.com/166211054?fxly=search_v2,18
172,2379,http://www.jiayuan.com/1255451?fxly=search_v2,18
173,2377,http://www.jiayuan.com/147904982?fxly=search_v2,18
174,2375,http://www.jiayuan.com/2280044?fxly=search_v2,18
175,2373,http://www.jiayuan.com/155086615?fxly=search_v2,18
176,2371,http://www.jiayuan.com/166176439?fxly=search_v2,18
177,2369,http://www.jiayuan.com/161397595?fxly=search_v2,18
178,2367,http://www.jiayuan.com/12940205?fxly=search_v2,18
179,2365,http://www.jiayuan.com/152310703?fxly=search_v2,18
180,2363,http://www.jiayuan.com/165841014?fxly=search_v2,18
181,2361,http://www.jiayuan.com/149103028?fxly=search_v2,18
182,2359,http://www.jiayuan.com/3232971?fxly=search_v2,18
183,2357,http://www.jiayuan.com/1298080?fxly=search_v2,18
184,2355,http://www.jiayuan.com/12927972?fxly=search_v2,18
185,2353,http://www.jiayuan.com/2261696?fxly=search_v2,18
186,2351,http://www.jiayuan.com/165679278?fxly=search_v2,18
187,2349,http://www.jiayuan.com/169408102?fxly=search_v2,18
188,2347,http://www.jiayuan.com/154487689?fxly=search_v2,18
189,2345,http://www.jiayuan.com/167790782?fxly=search_v2,18
190,2343,http://www.jiayuan.com/165419563?fxly=search_v2,18
191,2341,http://www.jiayuan.com/161584641?fxly=search_v2,18
192,2339,http://www.jiayuan.com/119272036?fxly=search_v2,18
193,2337,http://www.jiayuan.com/107054764?fxly=search_v2,18
194,2335,http://www.jiayuan.com/135778098?fxly=search_v2,18
195,2333,http://www.jiayuan.com/112808117?fxly=search_v2,18
196,2331,http://www.jiayuan.com/143984865?fxly=search_v2,18
197,2329,http://www.jiayuan.com/106393106?fxly=search_v2,18
198,2327,http://www.jiayuan.com/112111780?fxly=search_v2,18
199,2325,http://www.jiayuan.com/139297215?fxly=search_v2,18
200,2323,http://www.jiayuan.com/116820736?fxly=search_v2,18
201,2319,http://www.jiayuan.com/131914555?fxly=search_v2,18
202,2317,http://www.jiayuan.com/126699115?fxly=search_v2,18
203,2315,http://www.jiayuan.com/133920988?fxly=search_v2,18
204,2313,http://www.jiayuan.com/136141749?fxly=search_v2,18
205,2311,http://www.jiayuan.com/145580896?fxly=search_v2,18
206,2309,http://www.jiayuan.com/138748938?fxly=search_v2,18
207,2307,http://www.jiayuan.com/144994096?fxly=search_v2,18
208,2305,http://www.jiayuan.com/102289283?fxly=search_v2,18
209,2303,http://www.jiayuan.com/126936988?fxly=search_v2,18
210,2301,http://www.jiayuan.com/117931896?fxly=search_v2,18
211,2299,http://www.jiayuan.com/111048766?fxly=search_v2,18
212,2297,http://www.jiayuan.com/113941583?fxly=search_v2,18
213,2295,http://www.jiayuan.com/112910258?fxly=search_v2,18
214,2293,http://www.jiayuan.com/115234297?fxly=search_v2,18
215,2291,http://www.jiayuan.com/167140582?fxly=cp-express,18
216,2289,http://www.jiayuan.com/60151242?fxly=search_v2,18
217,2287,http://www.jiayuan.com/54833685?fxly=search_v2,18
218,2285,http://www.jiayuan.com/73794642?fxly=search_v2,18
219,2283,http://www.jiayuan.com/93773168?fxly=search_v2,18
220,2281,http://www.jiayuan.com/51539253?fxly=search_v2,18
221,2279,http://www.jiayuan.com/55432622?fxly=search_v2,18
222,2277,http://www.jiayuan.com/95654752?fxly=search_v2,18
223,2275,http://www.jiayuan.com/70840919?fxly=search_v2,18
224,2273,http://www.jiayuan.com/58778692?fxly=search_v2,18
225,2271,http://www.jiayuan.com/73425389?fxly=search_v2,18
226,2269,http://www.jiayuan.com/57108912?fxly=search_v2,18
227,2267,http://www.jiayuan.com/85746876?fxly=search_v2,18
228,2265,http://www.jiayuan.com/56750705?fxly=search_v2,18
229,2263,http://www.jiayuan.com/75057214?fxly=search_v2,18
230,2261,http://www.jiayuan.com/62169300?fxly=search_v2,18
231,2259,http://www.jiayuan.com/81510611?fxly=search_v2,18
232,2257,http://www.jiayuan.com/90010664?fxly=search_v2,18
233,2255,http://www.jiayuan.com/66622804?fxly=search_v2,18
234,2253,http://www.jiayuan.com/77932266?fxly=search_v2,18
235,2251,http://www.jiayuan.com/71644824?fxly=search_v2,18
236,2249,http://www.jiayuan.com/90881340?fxly=search_v2,18
237,2247,http://www.jiayuan.com/74900055?fxly=search_v2,18
238,2245,http://www.jiayuan.com/79763778?fxly=search_v2,18
239,2243,http://www.jiayuan.com/54216013?fxly=search_v2,18
240,2239,http://www.jiayuan.com/31864339?fxly=search_v2,18
241,2237,http://www.jiayuan.com/50741404?fxly=search_v2,18
242,2235,http://www.jiayuan.com/33297757?fxly=search_v2,18
243,2233,http://www.jiayuan.com/39145777?fxly=search_v2,18
244,2231,http://www.jiayuan.com/48359458?fxly=search_v2,18
245,2229,http://www.jiayuan.com/40691674?fxly=search_v2,18
246,2227,http://www.jiayuan.com/40506745?fxly=search_v2,18
247,2225,http://www.jiayuan.com/29081418?fxly=search_v2,18
248,2223,http://www.jiayuan.com/30101370?fxly=search_v2,18
249,2221,http://www.jiayuan.com/33474471?fxly=search_v2,18
250,2219,http://www.jiayuan.com/28429170?fxly=search_v2,18
251,2217,http://www.jiayuan.com/38310485?fxly=search_v2,18
252,2215,http://www.jiayuan.com/47406855?fxly=search_v2,18
253,2213,http://www.jiayuan.com/30765316?fxly=search_v2,18
254,2211,http://www.jiayuan.com/49229493?fxly=search_v2,18
255,2209,http://www.jiayuan.com/38646998?fxly=search_v2,18
256,2207,http://www.jiayuan.com/46748830?fxly=search_v2,18
257,2205,http://www.jiayuan.com/46904004?fxly=search_v2,18
258,2203,http://www.jiayuan.com/42383350?fxly=search_v2,18
259,2201,http://www.jiayuan.com/41203281?fxly=search_v2,18
260,2199,http://www.jiayuan.com/30198216?fxly=search_v2,18
261,2197,http://www.jiayuan.com/50633177?fxly=search_v2,18
262,2195,http://www.jiayuan.com/31486813?fxly=search_v2,18
263,2193,http://www.jiayuan.com/30090360?fxly=search_v2,18
264,2189,http://www.jiayuan.com/13942590?fxly=search_v2,18
265,2187,http://www.jiayuan.com/19848708?fxly=search_v2,18
266,2185,http://www.jiayuan.com/22856470?fxly=search_v2,18
267,2183,http://www.jiayuan.com/14890560?fxly=search_v2,18
268,2181,http://www.jiayuan.com/22229560?fxly=search_v2,18
269,2179,http://www.jiayuan.com/19901215?fxly=search_v2,18
270,2177,http://www.jiayuan.com/24062427?fxly=search_v2,18
271,2175,http://www.jiayuan.com/27217816?fxly=search_v2,18
272,2173,http://www.jiayuan.com/23345845?fxly=search_v2,18
273,2171,http://www.jiayuan.com/22342886?fxly=search_v2,18
274,2169,http://www.jiayuan.com/19517327?fxly=search_v2,18
275,2167,http://www.jiayuan.com/21960995?fxly=search_v2,18
276,2165,http://www.jiayuan.com/18416918?fxly=search_v2,18
277,2163,http://www.jiayuan.com/21330072?fxly=search_v2,18
278,2161,http://www.jiayuan.com/12000464?fxly=search_v2,18
279,2159,http://www.jiayuan.com/27313081?fxly=search_v2,18
280,2157,http://www.jiayuan.com/17323710?fxly=search_v2,18
281,2155,http://www.jiayuan.com/25005506?fxly=search_v2,18
282,2153,http://www.jiayuan.com/21905399?fxly=search_v2,18
283,2151,http://www.jiayuan.com/17879682?fxly=search_v2,18
284,2149,http://www.jiayuan.com/27121804?fxly=search_v2,18
285,2147,http://www.jiayuan.com/24695383?fxly=search_v2,18
286,2145,http://www.jiayuan.com/17354509?fxly=search_v2,18
287,2143,http://www.jiayuan.com/21821404?fxly=search_v2,18
288,2139,http://www.jiayuan.com/122209078?fxly=search_v2,18
289,2137,http://www.jiayuan.com/136721163?fxly=search_v2,18
290,2135,http://www.jiayuan.com/148222685?fxly=search_v2,18
291,2133,http://www.jiayuan.com/155915832?fxly=search_v2,18
292,2131,http://www.jiayuan.com/156999110?fxly=search_v2,18
293,2129,http://www.jiayuan.com/96852515?fxly=search_v2,18
294,2127,http://www.jiayuan.com/168476913?fxly=search_v2,18
295,2125,http://www.jiayuan.com/150180441?fxly=search_v2,18
296,2121,http://www.jiayuan.com/169392021?fxly=search_v2,18
297,2119,http://www.jiayuan.com/4828887?fxly=search_v2,18
298,2117,http://www.jiayuan.com/155941703?fxly=search_v2,18
299,2115,http://www.jiayuan.com/110694624?fxly=search_v2,18
300,2113,http://www.jiayuan.com/107433793?fxly=search_v2,18
301,2111,http://www.jiayuan.com/91789890?fxly=search_v2,18
302,2109,http://www.jiayuan.com/159275169?fxly=search_v2,18
303,2107,http://www.jiayuan.com/83978754?fxly=search_v2,18
304,2105,http://www.jiayuan.com/1217210?fxly=search_v2,18
305,2103,http://www.jiayuan.com/101493088?fxly=search_v2,18
306,2101,http://www.jiayuan.com/97248284?fxly=search_v2,18
307,2099,http://www.jiayuan.com/156956872?fxly=search_v2,18
308,2097,http://www.jiayuan.com/168184481?fxly=search_v2,18
309,2095,http://www.jiayuan.com/123063487?fxly=search_v2,18
310,2093,http://www.jiayuan.com/1113127?fxly=search_v2,18
311,2089,http://www.jiayuan.com/49290321?fxly=search_v2,18
312,2087,http://www.jiayuan.com/24211138?fxly=search_v2,18
313,2085,http://www.jiayuan.com/40791522?fxly=search_v2,18
314,2083,http://www.jiayuan.com/20878222?fxly=search_v2,18
315,2081,http://www.jiayuan.com/34740857?fxly=search_v2,18
316,2079,http://www.jiayuan.com/35170533?fxly=search_v2,18
317,2077,http://www.jiayuan.com/47126709?fxly=search_v2,18
318,2075,http://www.jiayuan.com/22065927?fxly=search_v2,18
319,2073,http://www.jiayuan.com/61462310?fxly=search_v2,18
320,2071,http://www.jiayuan.com/28251745?fxly=search_v2,18
321,2069,http://www.jiayuan.com/80344816?fxly=search_v2,18
322,2067,http://www.jiayuan.com/37930404?fxly=search_v2,18
323,2065,http://www.jiayuan.com/53163777?fxly=search_v2,18
324,2063,http://www.jiayuan.com/53519313?fxly=search_v2,18
325,2061,http://www.jiayuan.com/43825482?fxly=search_v2,18
326,2059,http://www.jiayuan.com/33910649?fxly=search_v2,18
327,2057,http://www.jiayuan.com/68115699?fxly=search_v2,18
328,2055,http://www.jiayuan.com/22317581?fxly=search_v2,18
329,2053,http://www.jiayuan.com/66592860?fxly=search_v2,18
330,2051,http://www.jiayuan.com/36537162?fxly=search_v2,18
331,2049,http://www.jiayuan.com/74152636?fxly=search_v2,18
332,2047,http://www.jiayuan.com/55252924?fxly=search_v2,18
333,2045,http://www.jiayuan.com/48265307?fxly=search_v2,18
334,2043,http://www.jiayuan.com/36512788?fxly=search_v2,18
335,2039,http://www.jiayuan.com/150669514?fxly=search_v2,18
336,2037,http://www.jiayuan.com/16381154?fxly=search_v2,18
337,2035,http://www.jiayuan.com/147486653?fxly=search_v2,18
338,2033,http://www.jiayuan.com/1113165?fxly=search_v2,18
339,2031,http://www.jiayuan.com/168257001?fxly=search_v2,18
340,2029,http://www.jiayuan.com/2389369?fxly=search_v2,18
341,2027,http://www.jiayuan.com/114741823?fxly=search_v2,18
342,2025,http://www.jiayuan.com/131014519?fxly=search_v2,18
343,2023,http://www.jiayuan.com/138516793?fxly=search_v2,18
344,2021,http://www.jiayuan.com/130367077?fxly=search_v2,18
345,2019,http://www.jiayuan.com/165305109?fxly=search_v2,18
346,2017,http://www.jiayuan.com/14846769?fxly=search_v2,18
347,2015,http://www.jiayuan.com/113810748?fxly=search_v2,18
348,2013,http://www.jiayuan.com/18317757?fxly=search_v2,18
349,2011,http://www.jiayuan.com/14820073?fxly=search_v2,18
350,2009,http://www.jiayuan.com/126082391?fxly=search_v2,18
351,2007,http://www.jiayuan.com/107593665?fxly=search_v2,18
352,2005,http://www.jiayuan.com/142548906?fxly=search_v2,18
353,2003,http://www.jiayuan.com/123129714?fxly=search_v2,18
354,2001,http://www.jiayuan.com/17739732?fxly=search_v2,18
355,1999,http://www.jiayuan.com/142510126?fxly=search_v2,18
356,1997,http://www.jiayuan.com/2019815?fxly=search_v2,18
357,1995,http://www.jiayuan.com/1152798?fxly=search_v2,18
358,1993,http://www.jiayuan.com/13269974?fxly=search_v2,18
359,1989,http://www.jiayuan.com/59645716?fxly=search_v2,18
360,1987,http://www.jiayuan.com/49017833?fxly=search_v2,18
361,1985,http://www.jiayuan.com/56317551?fxly=search_v2,18
362,1983,http://www.jiayuan.com/91842185?fxly=search_v2,18
363,1981,http://www.jiayuan.com/12892585?fxly=search_v2,18
364,1979,http://www.jiayuan.com/101962814?fxly=search_v2,18
365,1977,http://www.jiayuan.com/37577063?fxly=search_v2,18
366,1975,http://www.jiayuan.com/15227919?fxly=search_v2,18
367,1973,http://www.jiayuan.com/102223772?fxly=search_v2,18
368,1971,http://www.jiayuan.com/44701171?fxly=search_v2,18
369,1969,http://www.jiayuan.com/15879200?fxly=search_v2,18
370,1967,http://www.jiayuan.com/19117085?fxly=search_v2,18
371,1965,http://www.jiayuan.com/15454962?fxly=search_v2,18
372,1963,http://www.jiayuan.com/24283730?fxly=search_v2,18
373,1961,http://www.jiayuan.com/60779563?fxly=search_v2,18
374,1959,http://www.jiayuan.com/44286129?fxly=search_v2,18
375,1957,http://www.jiayuan.com/79598739?fxly=search_v2,18
376,1955,http://www.jiayuan.com/22097914?fxly=search_v2,18
377,1953,http://www.jiayuan.com/59796859?fxly=search_v2,18
378,1951,http://www.jiayuan.com/96415748?fxly=search_v2,18
379,1949,http://www.jiayuan.com/22616633?fxly=search_v2,18
380,1947,http://www.jiayuan.com/98600158?fxly=search_v2,18
381,1945,http://www.jiayuan.com/13712784?fxly=search_v2,18
382,1943,http://www.jiayuan.com/57159153?fxly=search_v2,18
383,1939,http://www.jiayuan.com/154989244?fxly=search_v2,18
384,1937,http://www.jiayuan.com/3100653?fxly=search_v2,18
385,1935,http://www.jiayuan.com/12715825?fxly=search_v2,18
386,1933,http://www.jiayuan.com/153543322?fxly=search_v2,18
387,1931,http://www.jiayuan.com/35155622?fxly=search_v2,18
388,1929,http://www.jiayuan.com/1225789?fxly=search_v2,18
389,1927,http://www.jiayuan.com/38309516?fxly=search_v2,18
390,1925,http://www.jiayuan.com/98840867?fxly=search_v2,18
391,1923,http://www.jiayuan.com/143233889?fxly=search_v2,18
392,1921,http://www.jiayuan.com/167817753?fxly=search_v2,18
393,1919,http://www.jiayuan.com/32082307?fxly=search_v2,18
394,1917,http://www.jiayuan.com/107402042?fxly=search_v2,18
395,1915,http://www.jiayuan.com/71368411?fxly=search_v2,18
396,1913,http://www.jiayuan.com/122973383?fxly=search_v2,18
397,1911,http://www.jiayuan.com/32845189?fxly=search_v2,18
398,1909,http://www.jiayuan.com/22012229?fxly=search_v2,18
399,1907,http://www.jiayuan.com/120242161?fxly=search_v2,18
400,1905,http://www.jiayuan.com/132946205?fxly=search_v2,18
401,1903,http://www.jiayuan.com/58848267?fxly=search_v2,18
402,1901,http://www.jiayuan.com/27612445?fxly=search_v2,18
403,1899,http://www.jiayuan.com/97151473?fxly=search_v2,18
404,1897,http://www.jiayuan.com/152229498?fxly=search_v2,18
405,1895,http://www.jiayuan.com/67369657?fxly=search_v2,18
406,1893,http://www.jiayuan.com/161169682?fxly=search_v2,18
407,1889,http://www.jiayuan.com/3238165?fxly=search_v2,18
408,1887,http://www.jiayuan.com/34997265?fxly=search_v2,18
409,1885,http://www.jiayuan.com/13005506?fxly=search_v2,18
410,1883,http://www.jiayuan.com/52043718?fxly=search_v2,18
411,1881,http://www.jiayuan.com/34357522?fxly=search_v2,18
412,1879,http://www.jiayuan.com/12801429?fxly=search_v2,18
413,1877,http://www.jiayuan.com/14383688?fxly=search_v2,18
414,1875,http://www.jiayuan.com/169339850?fxly=search_v2,18
415,1873,http://www.jiayuan.com/4731986?fxly=search_v2,18
416,1871,http://www.jiayuan.com/17812680?fxly=search_v2,18
417,1869,http://www.jiayuan.com/151200598?fxly=search_v2,18
418,1867,http://www.jiayuan.com/108043592?fxly=search_v2,18
419,1865,http://www.jiayuan.com/35289465?fxly=search_v2,18
420,1863,http://www.jiayuan.com/150780318?fxly=search_v2,18
421,1861,http://www.jiayuan.com/22655677?fxly=search_v2,18
422,1859,http://www.jiayuan.com/155368896?fxly=search_v2,18
423,1857,http://www.jiayuan.com/19683386?fxly=search_v2,18
424,1855,http://www.jiayuan.com/166172201?fxly=search_v2,18
425,1853,http://www.jiayuan.com/9629821?fxly=search_v2,18
426,1851,http://www.jiayuan.com/14935003?fxly=search_v2,18
427,1849,http://www.jiayuan.com/5038624?fxly=search_v2,18
428,1847,http://www.jiayuan.com/169421031?fxly=search_v2,18
429,1845,http://www.jiayuan.com/17950158?fxly=search_v2,18
430,1843,http://www.jiayuan.com/19860179?fxly=search_v2,18
431,1839,http://www.jiayuan.com/148628372?fxly=search_v2,18
432,1837,http://www.jiayuan.com/112388152?fxly=search_v2,18
433,1835,http://www.jiayuan.com/91932634?fxly=search_v2,18
434,1833,http://www.jiayuan.com/33878659?fxly=search_v2,18
435,1831,http://www.jiayuan.com/88055144?fxly=search_v2,18
436,1829,http://www.jiayuan.com/35031717?fxly=search_v2,18
437,1827,http://www.jiayuan.com/35200834?fxly=search_v2,18
438,1825,http://www.jiayuan.com/13338043?fxly=search_v2,18
439,1823,http://www.jiayuan.com/70237748?fxly=search_v2,18
440,1821,http://www.jiayuan.com/71877095?fxly=search_v2,18
441,1819,http://www.jiayuan.com/152148282?fxly=search_v2,18
442,1817,http://www.jiayuan.com/91102587?fxly=search_v2,18
443,1815,http://www.jiayuan.com/148080715?fxly=search_v2,18
444,1813,http://www.jiayuan.com/30797104?fxly=search_v2,18
445,1811,http://www.jiayuan.com/71713798?fxly=search_v2,18
446,1809,http://www.jiayuan.com/83506042?fxly=search_v2,18
447,1807,http://www.jiayuan.com/57633668?fxly=search_v2,18
448,1805,http://www.jiayuan.com/78755549?fxly=search_v2,18
449,1803,http://www.jiayuan.com/110737789?fxly=search_v2,18
450,1801,http://www.jiayuan.com/111137365?fxly=search_v2,18
451,1799,http://www.jiayuan.com/37607540?fxly=search_v2,18
452,1797,http://www.jiayuan.com/123031085?fxly=search_v2,18
453,1795,http://www.jiayuan.com/89262725?fxly=search_v2,18
454,1793,http://www.jiayuan.com/40280372?fxly=search_v2,18
455,1789,http://www.jiayuan.com/29359270?fxly=search_v2,18
456,1787,http://www.jiayuan.com/132488933?fxly=search_v2,18
457,1785,http://www.jiayuan.com/1273059?fxly=search_v2,18
458,1783,http://www.jiayuan.com/79314779?fxly=search_v2,18
459,1781,http://www.jiayuan.com/22026042?fxly=search_v2,18
460,1779,http://www.jiayuan.com/46846806?fxly=search_v2,18
461,1777,http://www.jiayuan.com/22747373?fxly=search_v2,18
462,1775,http://www.jiayuan.com/169375594?fxly=search_v2,18
463,1773,http://www.jiayuan.com/163623372?fxly=search_v2,18
464,1771,http://www.jiayuan.com/14784375?fxly=search_v2,18
465,1769,http://www.jiayuan.com/30547668?fxly=search_v2,18
466,1767,http://www.jiayuan.com/141706410?fxly=search_v2,18
467,1765,http://www.jiayuan.com/167743794?fxly=search_v2,18
468,1763,http://www.jiayuan.com/160555875?fxly=search_v2,18
469,1761,http://www.jiayuan.com/145996005?fxly=search_v2,18
470,1759,http://www.jiayuan.com/105734899?fxly=search_v2,18
471,1757,http://www.jiayuan.com/18619234?fxly=search_v2,18
472,1755,http://www.jiayuan.com/59981994?fxly=search_v2,18
473,1753,http://www.jiayuan.com/76641613?fxly=search_v2,18
474,1751,http://www.jiayuan.com/150627803?fxly=search_v2,18
475,1749,http://www.jiayuan.com/59970509?fxly=search_v2,18
476,1747,http://www.jiayuan.com/32870097?fxly=search_v2,18
477,1745,http://www.jiayuan.com/43615134?fxly=search_v2,18
478,1743,http://www.jiayuan.com/3644420?fxly=search_v2,18
479,1739,http://www.jiayuan.com/50657548?fxly=search_v2,18
480,1737,http://www.jiayuan.com/35069694?fxly=search_v2,18
481,1735,http://www.jiayuan.com/28560621?fxly=search_v2,18
482,1733,http://www.jiayuan.com/109158256?fxly=search_v2,18
483,1731,http://www.jiayuan.com/22598146?fxly=search_v2,18
484,1729,http://www.jiayuan.com/153920730?fxly=search_v2,18
485,1727,http://www.jiayuan.com/52931452?fxly=search_v2,18
486,1725,http://www.jiayuan.com/155878732?fxly=search_v2,18
487,1723,http://www.jiayuan.com/18432607?fxly=search_v2,18
488,1721,http://www.jiayuan.com/138222649?fxly=search_v2,18
489,1719,http://www.jiayuan.com/12520285?fxly=search_v2,18
490,1717,http://www.jiayuan.com/133613562?fxly=search_v2,18
491,1715,http://www.jiayuan.com/140493254?fxly=search_v2,18
492,1713,http://www.jiayuan.com/45761443?fxly=search_v2,18
493,1711,http://www.jiayuan.com/143607879?fxly=search_v2,18
494,1709,http://www.jiayuan.com/144115629?fxly=search_v2,18
495,1707,http://www.jiayuan.com/106084856?fxly=search_v2,18
496,1705,http://www.jiayuan.com/102756715?fxly=search_v2,18
497,1703,http://www.jiayuan.com/87511766?fxly=search_v2,18
498,1701,http://www.jiayuan.com/96311022?fxly=search_v2,18
499,1699,http://www.jiayuan.com/28962063?fxly=search_v2,18
500,1697,http://www.jiayuan.com/114994705?fxly=search_v2,18
501,1695,http://www.jiayuan.com/108743449?fxly=search_v2,18
502,1693,http://www.jiayuan.com/70866916?fxly=search_v2,18
503,1689,http://www.jiayuan.com/164284416?fxly=search_v2,18
504,1687,http://www.jiayuan.com/117943283?fxly=search_v2,18
505,1685,http://www.jiayuan.com/150266426?fxly=search_v2,18
506,1683,http://www.jiayuan.com/13290117?fxly=search_v2,18
507,1681,http://www.jiayuan.com/98380930?fxly=search_v2,18
508,1679,http://www.jiayuan.com/28832644?fxly=search_v2,18
509,1677,http://www.jiayuan.com/18634434?fxly=search_v2,18
510,1675,http://www.jiayuan.com/94044236?fxly=search_v2,18
511,1673,http://www.jiayuan.com/135544474?fxly=search_v2,18
512,1671,http://www.jiayuan.com/122792454?fxly=search_v2,18
513,1669,http://www.jiayuan.com/98658757?fxly=search_v2,18
514,1667,http://www.jiayuan.com/32007071?fxly=search_v2,18
515,1665,http://www.jiayuan.com/152141839?fxly=search_v2,18
516,1663,http://www.jiayuan.com/112113453?fxly=search_v2,18
517,1661,http://www.jiayuan.com/146808056?fxly=search_v2,18
518,1659,http://www.jiayuan.com/60452719?fxly=search_v2,18
519,1657,http://www.jiayuan.com/126759498?fxly=search_v2,18
520,1655,http://www.jiayuan.com/57467992?fxly=search_v2,18
521,1653,http://www.jiayuan.com/21637204?fxly=search_v2,18
522,1651,http://www.jiayuan.com/31150452?fxly=search_v2,18
523,1649,http://www.jiayuan.com/56464169?fxly=search_v2,18
524,1647,http://www.jiayuan.com/114432840?fxly=search_v2,18
525,1645,http://www.jiayuan.com/40956566?fxly=search_v2,18
526,1643,http://www.jiayuan.com/17833817?fxly=search_v2,18
527,1639,http://www.jiayuan.com/20982042?fxly=search_v2,18
528,1637,http://www.jiayuan.com/82456770?fxly=search_v2,18
529,1635,http://www.jiayuan.com/76965410?fxly=search_v2,18
530,1633,http://www.jiayuan.com/24111141?fxly=search_v2,18
531,1631,http://www.jiayuan.com/19425176?fxly=search_v2,18
532,1629,http://www.jiayuan.com/66244791?fxly=search_v2,18
533,1627,http://www.jiayuan.com/36805556?fxly=search_v2,18
534,1625,http://www.jiayuan.com/33573161?fxly=search_v2,18
535,1623,http://www.jiayuan.com/31529000?fxly=search_v2,18
536,1621,http://www.jiayuan.com/17708939?fxly=search_v2,18
537,1619,http://www.jiayuan.com/40730527?fxly=search_v2,18
538,1617,http://www.jiayuan.com/79559549?fxly=search_v2,18
539,1615,http://www.jiayuan.com/74679565?fxly=search_v2,18
540,1613,http://www.jiayuan.com/63552235?fxly=search_v2,18
541,1611,http://www.jiayuan.com/16722314?fxly=search_v2,18
542,1609,http://www.jiayuan.com/78893219?fxly=search_v2,18
543,1607,http://www.jiayuan.com/41806207?fxly=search_v2,18
544,1605,http://www.jiayuan.com/31126307?fxly=search_v2,18
545,1603,http://www.jiayuan.com/43681758?fxly=search_v2,18
546,1601,http://www.jiayuan.com/56379354?fxly=search_v2,18
547,1599,http://www.jiayuan.com/19437531?fxly=search_v2,18
548,1597,http://www.jiayuan.com/49176904?fxly=search_v2,18
549,1595,http://www.jiayuan.com/84239322?fxly=search_v2,18
550,1593,http://www.jiayuan.com/43391239?fxly=search_v2,18
551,1589,http://www.jiayuan.com/50895310?fxly=search_v2,18
552,1587,http://www.jiayuan.com/166148715?fxly=search_v2,18
553,1585,http://www.jiayuan.com/26501881?fxly=search_v2,18
554,1583,http://www.jiayuan.com/100806194?fxly=search_v2,18
555,1581,http://www.jiayuan.com/5804726?fxly=search_v2,18
556,1579,http://www.jiayuan.com/36164211?fxly=search_v2,18
557,1577,http://www.jiayuan.com/151206408?fxly=search_v2,18
558,1575,http://www.jiayuan.com/54883788?fxly=search_v2,18
559,1573,http://www.jiayuan.com/127529536?fxly=search_v2,18
560,1571,http://www.jiayuan.com/7437765?fxly=search_v2,18
561,1569,http://www.jiayuan.com/114508477?fxly=search_v2,18
562,1567,http://www.jiayuan.com/25400060?fxly=search_v2,18
563,1565,http://www.jiayuan.com/26588533?fxly=search_v2,18
564,1563,http://www.jiayuan.com/34896765?fxly=search_v2,18
565,1561,http://www.jiayuan.com/133762284?fxly=search_v2,18
566,1559,http://www.jiayuan.com/2614748?fxly=search_v2,18
567,1557,http://www.jiayuan.com/160879223?fxly=search_v2,18
568,1555,http://www.jiayuan.com/43607847?fxly=search_v2,18
569,1553,http://www.jiayuan.com/165802349?fxly=search_v2,18
570,1551,http://www.jiayuan.com/54956464?fxly=search_v2,18
571,1549,http://www.jiayuan.com/14428864?fxly=search_v2,18
572,1547,http://www.jiayuan.com/15134522?fxly=search_v2,18
573,1545,http://www.jiayuan.com/123043205?fxly=search_v2,18
574,1543,http://www.jiayuan.com/5349806?fxly=search_v2,18
575,1539,http://www.jiayuan.com/150063442?fxly=search_v2,18
576,1537,http://www.jiayuan.com/100738620?fxly=search_v2,18
577,1535,http://www.jiayuan.com/15780078?fxly=search_v2,18
578,1533,http://www.jiayuan.com/70467669?fxly=search_v2,18
579,1531,http://www.jiayuan.com/41591733?fxly=search_v2,18
580,1529,http://www.jiayuan.com/45084191?fxly=search_v2,18
581,1527,http://www.jiayuan.com/147190217?fxly=search_v2,18
582,1525,http://www.jiayuan.com/161038360?fxly=search_v2,18
583,1523,http://www.jiayuan.com/162902183?fxly=search_v2,18
584,1521,http://www.jiayuan.com/163741993?fxly=search_v2,18
585,1519,http://www.jiayuan.com/12054588?fxly=search_v2,18
586,1517,http://www.jiayuan.com/51259158?fxly=search_v2,18
587,1515,http://www.jiayuan.com/168580602?fxly=search_v2,18
588,1513,http://www.jiayuan.com/53907432?fxly=search_v2,18
589,1511,http://www.jiayuan.com/165042090?fxly=search_v2,18
590,1509,http://www.jiayuan.com/168985103?fxly=search_v2,18
591,1507,http://www.jiayuan.com/168816620?fxly=search_v2,18
592,1505,http://www.jiayuan.com/45515318?fxly=search_v2,18
593,1503,http://www.jiayuan.com/40875086?fxly=search_v2,18
594,1501,http://www.jiayuan.com/32287878?fxly=search_v2,18
595,1499,http://www.jiayuan.com/53446497?fxly=search_v2,18
596,1497,http://www.jiayuan.com/4378780?fxly=search_v2,18
597,1495,http://www.jiayuan.com/120022561?fxly=search_v2,18
598,1493,http://www.jiayuan.com/149399146?fxly=search_v2,18
599,1489,http://www.jiayuan.com/95695910?fxly=search_v2,18
600,1487,http://www.jiayuan.com/117045493?fxly=search_v2,18
601,1485,http://www.jiayuan.com/117024398?fxly=search_v2,18
602,1483,http://www.jiayuan.com/51248027?fxly=search_v2,18
603,1481,http://www.jiayuan.com/64359333?fxly=search_v2,18
604,1479,http://www.jiayuan.com/118979263?fxly=search_v2,18
605,1477,http://www.jiayuan.com/36551414?fxly=search_v2,18
606,1475,http://www.jiayuan.com/124569208?fxly=search_v2,18
607,1473,http://www.jiayuan.com/77525297?fxly=search_v2,18
608,1471,http://www.jiayuan.com/13372640?fxly=search_v2,18
609,1469,http://www.jiayuan.com/160700926?fxly=search_v2,18
610,1467,http://www.jiayuan.com/109108691?fxly=search_v2,18
611,1465,http://www.jiayuan.com/69945267?fxly=search_v2,18
612,1463,http://www.jiayuan.com/77144204?fxly=search_v2,18
613,1461,http://www.jiayuan.com/70735076?fxly=search_v2,18
614,1459,http://www.jiayuan.com/14068558?fxly=search_v2,18
615,1457,http://www.jiayuan.com/76984058?fxly=search_v2,18
616,1455,http://www.jiayuan.com/151981322?fxly=search_v2,18
617,1453,http://www.jiayuan.com/70729025?fxly=search_v2,18
618,1451,http://www.jiayuan.com/77734540?fxly=search_v2,18
619,1449,http://www.jiayuan.com/41117551?fxly=search_v2,18
620,1447,http://www.jiayuan.com/135438958?fxly=search_v2,18
621,1445,http://www.jiayuan.com/163154248?fxly=search_v2,18
622,1443,http://www.jiayuan.com/45940974?fxly=search_v2,18
623,1439,http://www.jiayuan.com/148675925?fxly=search_v2,18
624,1437,http://www.jiayuan.com/110231096?fxly=search_v2,18
625,1435,http://www.jiayuan.com/20034522?fxly=search_v2,18
626,1433,http://www.jiayuan.com/93272751?fxly=search_v2,18
627,1431,http://www.jiayuan.com/78253565?fxly=search_v2,18
628,1429,http://www.jiayuan.com/18930801?fxly=search_v2,18
629,1427,http://www.jiayuan.com/18719282?fxly=search_v2,18
630,1425,http://www.jiayuan.com/149513532?fxly=search_v2,18
631,1423,http://www.jiayuan.com/119629974?fxly=search_v2,18
632,1421,http://www.jiayuan.com/60620632?fxly=search_v2,18
633,1419,http://www.jiayuan.com/132248801?fxly=search_v2,18
634,1417,http://www.jiayuan.com/1668354?fxly=search_v2,18
635,1415,http://www.jiayuan.com/26613285?fxly=search_v2,18
636,1413,http://www.jiayuan.com/34018637?fxly=search_v2,18
637,1411,http://www.jiayuan.com/135486769?fxly=search_v2,18
638,1409,http://www.jiayuan.com/19972394?fxly=search_v2,18
639,1407,http://www.jiayuan.com/139829885?fxly=search_v2,18
640,1405,http://www.jiayuan.com/115928606?fxly=search_v2,18
641,1403,http://www.jiayuan.com/76115203?fxly=search_v2,18
642,1401,http://www.jiayuan.com/66747244?fxly=search_v2,18
643,1399,http://www.jiayuan.com/168939379?fxly=search_v2,18
644,1397,http://www.jiayuan.com/76409318?fxly=search_v2,18
645,1395,http://www.jiayuan.com/115434756?fxly=search_v2,18
646,1393,http://www.jiayuan.com/144064316?fxly=search_v2,18
647,1389,http://www.jiayuan.com/104910369?fxly=search_v2,18
648,1387,http://www.jiayuan.com/10861824?fxly=search_v2,18
649,1385,http://www.jiayuan.com/51081918?fxly=search_v2,18
650,1383,http://www.jiayuan.com/156778658?fxly=search_v2,18
651,1381,http://www.jiayuan.com/2975838?fxly=search_v2,18
652,1379,http://www.jiayuan.com/11081538?fxly=search_v2,18
653,1377,http://www.jiayuan.com/15904827?fxly=search_v2,18
654,1375,http://www.jiayuan.com/34817051?fxly=search_v2,18
655,1373,http://www.jiayuan.com/110454488?fxly=search_v2,18
656,1371,http://www.jiayuan.com/139459323?fxly=search_v2,18
657,1369,http://www.jiayuan.com/12469436?fxly=search_v2,18
658,1367,http://www.jiayuan.com/18722598?fxly=search_v2,18
659,1365,http://www.jiayuan.com/71151241?fxly=search_v2,18
660,1363,http://www.jiayuan.com/90710131?fxly=search_v2,18
661,1361,http://www.jiayuan.com/57657847?fxly=search_v2,18
662,1359,http://www.jiayuan.com/21168620?fxly=search_v2,18
663,1357,http://www.jiayuan.com/66255613?fxly=search_v2,18
664,1355,http://www.jiayuan.com/165334118?fxly=search_v2,18
665,1353,http://www.jiayuan.com/28577487?fxly=search_v2,18
666,1351,http://www.jiayuan.com/109848124?fxly=search_v2,18
667,1349,http://www.jiayuan.com/57828158?fxly=search_v2,18
668,1347,http://www.jiayuan.com/21444510?fxly=search_v2,18
669,1345,http://www.jiayuan.com/74059725?fxly=search_v2,18
670,1343,http://www.jiayuan.com/93728732?fxly=search_v2,18
671,1339,http://www.jiayuan.com/167168256?fxly=search_v2,18
672,1337,http://www.jiayuan.com/168532409?fxly=search_v2,18
673,1335,http://www.jiayuan.com/14667045?fxly=search_v2,18
674,1333,http://www.jiayuan.com/105962844?fxly=search_v2,18
675,1331,http://www.jiayuan.com/113006495?fxly=search_v2,18
676,1329,http://www.jiayuan.com/159510261?fxly=search_v2,18
677,1327,http://www.jiayuan.com/16030854?fxly=search_v2,18
678,1325,http://www.jiayuan.com/75004655?fxly=search_v2,18
679,1323,http://www.jiayuan.com/82712020?fxly=search_v2,18
680,1321,http://www.jiayuan.com/64356536?fxly=search_v2,18
681,1319,http://www.jiayuan.com/107754730?fxly=search_v2,18
682,1317,http://www.jiayuan.com/65210763?fxly=search_v2,18
683,1315,http://www.jiayuan.com/30410553?fxly=search_v2,18
684,1313,http://www.jiayuan.com/93368298?fxly=search_v2,18
685,1311,http://www.jiayuan.com/2701207?fxly=search_v2,18
686,1309,http://www.jiayuan.com/27236181?fxly=search_v2,18
687,1307,http://www.jiayuan.com/139628137?fxly=search_v2,18
688,1305,http://www.jiayuan.com/115100413?fxly=search_v2,18
689,1303,http://www.jiayuan.com/26648097?fxly=search_v2,18
690,1301,http://www.jiayuan.com/151240071?fxly=search_v2,18
691,1299,http://www.jiayuan.com/33414278?fxly=search_v2,18
692,1297,http://www.jiayuan.com/164105464?fxly=search_v2,18
693,1295,http://www.jiayuan.com/145327200?fxly=search_v2,18
694,1293,http://www.jiayuan.com/73296151?fxly=search_v2,18
695,1289,http://www.jiayuan.com/22036517?fxly=search_v2,18
696,1287,http://www.jiayuan.com/70733389?fxly=search_v2,18
697,1285,http://www.jiayuan.com/35052372?fxly=search_v2,18
698,1283,http://www.jiayuan.com/72272687?fxly=search_v2,18
699,1281,http://www.jiayuan.com/32004692?fxly=search_v2,18
700,1279,http://www.jiayuan.com/22315136?fxly=search_v2,18
701,1277,http://www.jiayuan.com/40290224?fxly=search_v2,18
702,1275,http://www.jiayuan.com/22113876?fxly=search_v2,18
703,1273,http://www.jiayuan.com/109924760?fxly=search_v2,18
704,1271,http://www.jiayuan.com/27421158?fxly=search_v2,18
705,1269,http://www.jiayuan.com/168568093?fxly=search_v2,18
706,1267,http://www.jiayuan.com/168568174?fxly=search_v2,18
707,1265,http://www.jiayuan.com/57472823?fxly=search_v2,18
708,1263,http://www.jiayuan.com/110602756?fxly=search_v2,18
709,1261,http://www.jiayuan.com/148353495?fxly=search_v2,18
710,1259,http://www.jiayuan.com/106120286?fxly=search_v2,18
711,1257,http://www.jiayuan.com/135723091?fxly=search_v2,18
712,1255,http://www.jiayuan.com/35037673?fxly=search_v2,18
713,1253,http://www.jiayuan.com/166892033?fxly=search_v2,18
714,1251,http://www.jiayuan.com/168558264?fxly=search_v2,18
715,1249,http://www.jiayuan.com/24586415?fxly=search_v2,18
716,1247,http://www.jiayuan.com/37367845?fxly=search_v2,18
717,1245,http://www.jiayuan.com/94147665?fxly=search_v2,18
718,1243,http://www.jiayuan.com/168598762?fxly=search_v2,18
719,1239,http://www.jiayuan.com/100810410?fxly=search_v2,18
720,1237,http://www.jiayuan.com/84305725?fxly=search_v2,18
721,1235,http://www.jiayuan.com/112591381?fxly=search_v2,18
722,1233,http://www.jiayuan.com/162132015?fxly=search_v2,18
723,1231,http://www.jiayuan.com/93365259?fxly=search_v2,18
724,1229,http://www.jiayuan.com/86133311?fxly=search_v2,18
725,1227,http://www.jiayuan.com/103856991?fxly=search_v2,18
726,1225,http://www.jiayuan.com/143099697?fxly=search_v2,18
727,1223,http://www.jiayuan.com/39792188?fxly=search_v2,18
728,1221,http://www.jiayuan.com/23753539?fxly=search_v2,18
729,1219,http://www.jiayuan.com/1861993?fxly=search_v2,18
730,1217,http://www.jiayuan.com/16969638?fxly=search_v2,18
731,1215,http://www.jiayuan.com/35550167?fxly=search_v2,18
732,1213,http://www.jiayuan.com/44390758?fxly=search_v2,18
733,1211,http://www.jiayuan.com/96488878?fxly=search_v2,18
734,1209,http://www.jiayuan.com/72180961?fxly=search_v2,18
735,1207,http://www.jiayuan.com/92450068?fxly=search_v2,18
736,1205,http://www.jiayuan.com/168528069?fxly=search_v2,18
737,1203,http://www.jiayuan.com/135361158?fxly=search_v2,18
738,1201,http://www.jiayuan.com/143044241?fxly=search_v2,18
739,1199,http://www.jiayuan.com/33540135?fxly=search_v2,18
740,1197,http://www.jiayuan.com/44411133?fxly=search_v2,18
741,1195,http://www.jiayuan.com/145233768?fxly=search_v2,18
742,1193,http://www.jiayuan.com/136558699?fxly=search_v2,18
743,1189,http://www.jiayuan.com/143831399?fxly=search_v2,18
744,1187,http://www.jiayuan.com/69756807?fxly=search_v2,18
745,1185,http://www.jiayuan.com/156690270?fxly=search_v2,18
746,1183,http://www.jiayuan.com/49930310?fxly=search_v2,18
747,1181,http://www.jiayuan.com/167338463?fxly=search_v2,18
748,1179,http://www.jiayuan.com/110620913?fxly=search_v2,18
749,1177,http://www.jiayuan.com/168324427?fxly=search_v2,18
750,1175,http://www.jiayuan.com/116053484?fxly=search_v2,18
751,1173,http://www.jiayuan.com/118362555?fxly=search_v2,18
752,1171,http://www.jiayuan.com/20385723?fxly=search_v2,18
753,1169,http://www.jiayuan.com/112877074?fxly=search_v2,18
754,1167,http://www.jiayuan.com/159123182?fxly=search_v2,18
755,1165,http://www.jiayuan.com/104346298?fxly=search_v2,18
756,1163,http://www.jiayuan.com/36274678?fxly=search_v2,18
757,1161,http://www.jiayuan.com/1540836?fxly=search_v2,18
758,1159,http://www.jiayuan.com/138879202?fxly=search_v2,18
759,1157,http://www.jiayuan.com/161513594?fxly=search_v2,18
760,1155,http://www.jiayuan.com/118480713?fxly=search_v2,18
761,1153,http://www.jiayuan.com/107829494?fxly=search_v2,18
762,1151,http://www.jiayuan.com/158393685?fxly=search_v2,18
763,1149,http://www.jiayuan.com/15765416?fxly=search_v2,18
764,1147,http://www.jiayuan.com/4981774?fxly=search_v2,18
765,1145,http://www.jiayuan.com/45744648?fxly=search_v2,18
766,1143,http://www.jiayuan.com/160785476?fxly=search_v2,18
767,1139,http://www.jiayuan.com/3845268?fxly=search_v2,18
768,1137,http://www.jiayuan.com/34913706?fxly=search_v2,18
769,1135,http://www.jiayuan.com/3030237?fxly=search_v2,18
770,1133,http://www.jiayuan.com/168245361?fxly=search_v2,18
771,1131,http://www.jiayuan.com/22647134?fxly=search_v2,18
772,1129,http://www.jiayuan.com/99149559?fxly=search_v2,18
773,1127,http://www.jiayuan.com/20871171?fxly=search_v2,18
774,1125,http://www.jiayuan.com/76574267?fxly=search_v2,18
775,1123,http://www.jiayuan.com/168214634?fxly=search_v2,18
776,1121,http://www.jiayuan.com/31386024?fxly=search_v2,18
777,1119,http://www.jiayuan.com/41089381?fxly=search_v2,18
778,1117,http://www.jiayuan.com/64677123?fxly=search_v2,18
779,1115,http://www.jiayuan.com/45948552?fxly=search_v2,18
780,1113,http://www.jiayuan.com/168214680?fxly=search_v2,18
781,1111,http://www.jiayuan.com/71095130?fxly=search_v2,18
782,1109,http://www.jiayuan.com/157024138?fxly=search_v2,18
783,1107,http://www.jiayuan.com/44355217?fxly=search_v2,18
784,1105,http://www.jiayuan.com/168175666?fxly=search_v2,18
785,1103,http://www.jiayuan.com/2719511?fxly=search_v2,18
786,1101,http://www.jiayuan.com/126416550?fxly=search_v2,18
787,1099,http://www.jiayuan.com/168261676?fxly=search_v2,18
788,1097,http://www.jiayuan.com/1820002?fxly=search_v2,18
789,1095,http://www.jiayuan.com/24319528?fxly=search_v2,18
790,1093,http://www.jiayuan.com/96565794?fxly=search_v2,18
791,1089,http://www.jiayuan.com/168375248?fxly=search_v2,18
792,1087,http://www.jiayuan.com/169054019?fxly=search_v2,18
793,1085,http://www.jiayuan.com/167978066?fxly=search_v2,18
794,1083,http://www.jiayuan.com/169645938?fxly=search_v2,18
795,1081,http://www.jiayuan.com/168634502?fxly=search_v2,18
796,1079,http://www.jiayuan.com/169628040?fxly=search_v2,18
797,1077,http://www.jiayuan.com/169336241?fxly=search_v2,18
798,1075,http://www.jiayuan.com/169574654?fxly=search_v2,18
799,1073,http://www.jiayuan.com/169067748?fxly=search_v2,18
800,1071,http://www.jiayuan.com/169128848?fxly=search_v2,18
801,1069,http://www.jiayuan.com/169671238?fxly=search_v2,18
802,1067,http://www.jiayuan.com/169286721?fxly=search_v2,18
803,1065,http://www.jiayuan.com/167270876?fxly=search_v2,18
804,1063,http://www.jiayuan.com/169517865?fxly=search_v2,18
805,1061,http://www.jiayuan.com/169650656?fxly=search_v2,18
806,1059,http://www.jiayuan.com/169106396?fxly=search_v2,18
807,1057,http://www.jiayuan.com/169518259?fxly=search_v2,18
808,1055,http://www.jiayuan.com/167225267?fxly=search_v2,18
809,1053,http://www.jiayuan.com/169661825?fxly=search_v2,18
810,1051,http://www.jiayuan.com/167564049?fxly=search_v2,18
811,1049,http://www.jiayuan.com/169517538?fxly=search_v2,18
812,1047,http://www.jiayuan.com/168884305?fxly=search_v2,18
813,1045,http://www.jiayuan.com/167831688?fxly=search_v2,18
814,1041,http://www.jiayuan.com/155834266?fxly=search_v2,18
815,1039,http://www.jiayuan.com/164292584?fxly=search_v2,18
816,1037,http://www.jiayuan.com/156313470?fxly=search_v2,18
817,1035,http://www.jiayuan.com/162662790?fxly=search_v2,18
818,1033,http://www.jiayuan.com/166539842?fxly=search_v2,18
819,1031,http://www.jiayuan.com/144649740?fxly=search_v2,18
820,1029,http://www.jiayuan.com/153053563?fxly=search_v2,18
821,1027,http://www.jiayuan.com/154460000?fxly=search_v2,18
822,1025,http://www.jiayuan.com/156308723?fxly=search_v2,18
823,1023,http://www.jiayuan.com/155778924?fxly=search_v2,18
824,1021,http://www.jiayuan.com/162024236?fxly=search_v2,18
825,1019,http://www.jiayuan.com/154327913?fxly=search_v2,18
826,1017,http://www.jiayuan.com/146843587?fxly=search_v2,18
827,1015,http://www.jiayuan.com/150251270?fxly=search_v2,18
828,1013,http://www.jiayuan.com/156021388?fxly=search_v2,18
829,1011,http://www.jiayuan.com/166928072?fxly=search_v2,18
830,1009,http://www.jiayuan.com/160738146?fxly=search_v2,18
831,1007,http://www.jiayuan.com/164213792?fxly=search_v2,18
832,1005,http://www.jiayuan.com/165254281?fxly=search_v2,18
833,1003,http://www.jiayuan.com/164492378?fxly=search_v2,18
834,1001,http://www.jiayuan.com/166563126?fxly=search_v2,18
835,999,http://www.jiayuan.com/151590174?fxly=search_v2,18
836,997,http://www.jiayuan.com/165576591?fxly=search_v2,18
837,995,http://www.jiayuan.com/166648082?fxly=search_v2,18
838,991,http://www.jiayuan.com/90959687?fxly=search_v2,18
839,989,http://www.jiayuan.com/142491471?fxly=search_v2,18
840,987,http://www.jiayuan.com/133025873?fxly=search_v2,18
841,985,http://www.jiayuan.com/120521323?fxly=search_v2,18
842,983,http://www.jiayuan.com/129001291?fxly=search_v2,18
843,981,http://www.jiayuan.com/134362979?fxly=search_v2,18
844,979,http://www.jiayuan.com/130199096?fxly=search_v2,18
845,977,http://www.jiayuan.com/133368069?fxly=search_v2,18
846,975,http://www.jiayuan.com/108505765?fxly=search_v2,18
847,973,http://www.jiayuan.com/129635491?fxly=search_v2,18
848,971,http://www.jiayuan.com/103359343?fxly=search_v2,18
849,969,http://www.jiayuan.com/144143397?fxly=search_v2,18
850,967,http://www.jiayuan.com/106392727?fxly=search_v2,18
851,965,http://www.jiayuan.com/89192146?fxly=search_v2,18
852,963,http://www.jiayuan.com/137114760?fxly=search_v2,18
853,961,http://www.jiayuan.com/141640359?fxly=search_v2,18
854,959,http://www.jiayuan.com/123012399?fxly=search_v2,18
855,957,http://www.jiayuan.com/93866243?fxly=search_v2,18
856,955,http://www.jiayuan.com/107753479?fxly=search_v2,18
857,953,http://www.jiayuan.com/133214935?fxly=search_v2,18
858,951,http://www.jiayuan.com/125876211?fxly=search_v2,18
859,949,http://www.jiayuan.com/125157028?fxly=search_v2,18
860,947,http://www.jiayuan.com/103870613?fxly=search_v2,18
861,945,http://www.jiayuan.com/137454493?fxly=search_v2,18
862,941,http://www.jiayuan.com/169078022?fxly=search_v2,18
863,939,http://www.jiayuan.com/77002227?fxly=search_v2,18
864,937,http://www.jiayuan.com/169602925?fxly=search_v2,18
865,935,http://www.jiayuan.com/168732379?fxly=search_v2,18
866,933,http://www.jiayuan.com/87949063?fxly=search_v2,18
867,931,http://www.jiayuan.com/169664170?fxly=search_v2,18
868,929,http://www.jiayuan.com/167771243?fxly=search_v2,18
869,927,http://www.jiayuan.com/168585526?fxly=search_v2,18
870,925,http://www.jiayuan.com/169192683?fxly=search_v2,18
871,923,http://www.jiayuan.com/169618448?fxly=search_v2,18
872,921,http://www.jiayuan.com/169587114?fxly=search_v2,18
873,919,http://www.jiayuan.com/168278584?fxly=search_v2,18
874,917,http://www.jiayuan.com/168658845?fxly=search_v2,18
875,915,http://www.jiayuan.com/63488478?fxly=search_v2,18
876,913,http://www.jiayuan.com/169554689?fxly=search_v2,18
877,911,http://www.jiayuan.com/169661861?fxly=search_v2,18
878,909,http://www.jiayuan.com/168983328?fxly=search_v2,18
879,907,http://www.jiayuan.com/78793890?fxly=search_v2,18
880,905,http://www.jiayuan.com/169608850?fxly=search_v2,18
881,903,http://www.jiayuan.com/168002042?fxly=search_v2,18
882,901,http://www.jiayuan.com/169600836?fxly=search_v2,18
883,899,http://www.jiayuan.com/168313792?fxly=search_v2,18
884,897,http://www.jiayuan.com/168550050?fxly=search_v2,18
885,895,http://www.jiayuan.com/168099509?fxly=search_v2,18
886,891,http://www.jiayuan.com/161373022?fxly=search_v2,18
887,889,http://www.jiayuan.com/150233400?fxly=search_v2,18
888,887,http://www.jiayuan.com/147925389?fxly=search_v2,18
889,885,http://www.jiayuan.com/137814249?fxly=search_v2,18
890,883,http://www.jiayuan.com/165390542?fxly=search_v2,18
891,881,http://www.jiayuan.com/164147357?fxly=search_v2,18
892,879,http://www.jiayuan.com/148764009?fxly=search_v2,18
893,877,http://www.jiayuan.com/156466255?fxly=search_v2,18
894,875,http://www.jiayuan.com/160795096?fxly=search_v2,18
895,873,http://www.jiayuan.com/152088970?fxly=search_v2,18
896,871,http://www.jiayuan.com/161814291?fxly=search_v2,18
897,869,http://www.jiayuan.com/167199603?fxly=search_v2,18
898,867,http://www.jiayuan.com/147865433?fxly=search_v2,18
899,865,http://www.jiayuan.com/159049094?fxly=search_v2,18
900,863,http://www.jiayuan.com/119282368?fxly=search_v2,18
901,861,http://www.jiayuan.com/161994705?fxly=search_v2,18
902,859,http://www.jiayuan.com/159822375?fxly=search_v2,18
903,857,http://www.jiayuan.com/133718235?fxly=search_v2,18
904,855,http://www.jiayuan.com/165343734?fxly=search_v2,18
905,853,http://www.jiayuan.com/133206123?fxly=search_v2,18
906,851,http://www.jiayuan.com/163376771?fxly=search_v2,18
907,849,http://www.jiayuan.com/148451993?fxly=search_v2,18
908,847,http://www.jiayuan.com/167731229?fxly=search_v2,18
909,845,http://www.jiayuan.com/122692513?fxly=search_v2,18
910,841,http://www.jiayuan.com/74719922?fxly=search_v2,18
911,839,http://www.jiayuan.com/92988313?fxly=search_v2,18
912,837,http://www.jiayuan.com/46432118?fxly=search_v2,18
913,835,http://www.jiayuan.com/169440049?fxly=search_v2,18
914,833,http://www.jiayuan.com/81965777?fxly=search_v2,18
915,831,http://www.jiayuan.com/169634692?fxly=search_v2,18
916,829,http://www.jiayuan.com/169551287?fxly=search_v2,18
917,827,http://www.jiayuan.com/163152029?fxly=search_v2,18
918,825,http://www.jiayuan.com/109587804?fxly=search_v2,18
919,823,http://www.jiayuan.com/168897764?fxly=search_v2,18
920,821,http://www.jiayuan.com/94203338?fxly=search_v2,18
921,819,http://www.jiayuan.com/167725401?fxly=search_v2,18
922,817,http://www.jiayuan.com/169425917?fxly=search_v2,18
923,815,http://www.jiayuan.com/101194792?fxly=search_v2,18
924,813,http://www.jiayuan.com/162455836?fxly=search_v2,18
925,811,http://www.jiayuan.com/92519623?fxly=search_v2,18
926,809,http://www.jiayuan.com/163832413?fxly=search_v2,18
927,807,http://www.jiayuan.com/166059397?fxly=search_v2,18
928,805,http://www.jiayuan.com/169263103?fxly=search_v2,18
929,803,http://www.jiayuan.com/166461236?fxly=search_v2,18
930,801,http://www.jiayuan.com/167543651?fxly=search_v2,18
931,799,http://www.jiayuan.com/102575121?fxly=search_v2,18
932,797,http://www.jiayuan.com/163441263?fxly=search_v2,18
933,795,http://www.jiayuan.com/73524712?fxly=search_v2,18
934,791,http://www.jiayuan.com/169590947?fxly=search_v2,18
935,789,http://www.jiayuan.com/146733629?fxly=search_v2,18
936,787,http://www.jiayuan.com/93972745?fxly=search_v2,18
937,785,http://www.jiayuan.com/148941027?fxly=search_v2,18
938,783,http://www.jiayuan.com/66649007?fxly=search_v2,18
939,781,http://www.jiayuan.com/155541197?fxly=search_v2,18
940,779,http://www.jiayuan.com/167168183?fxly=search_v2,18
941,777,http://www.jiayuan.com/169591277?fxly=search_v2,18
942,775,http://www.jiayuan.com/168898953?fxly=search_v2,18
943,773,http://www.jiayuan.com/78951069?fxly=search_v2,18
944,771,http://www.jiayuan.com/157426907?fxly=search_v2,18
945,769,http://www.jiayuan.com/81301764?fxly=search_v2,18
946,767,http://www.jiayuan.com/46355057?fxly=search_v2,18
947,765,http://www.jiayuan.com/149427522?fxly=search_v2,18
948,763,http://www.jiayuan.com/159422163?fxly=search_v2,18
949,761,http://www.jiayuan.com/160616994?fxly=search_v2,18
950,759,http://www.jiayuan.com/158528828?fxly=search_v2,18
951,757,http://www.jiayuan.com/65049757?fxly=search_v2,18
952,755,http://www.jiayuan.com/169626907?fxly=search_v2,18
953,753,http://www.jiayuan.com/79320609?fxly=search_v2,18
954,751,http://www.jiayuan.com/150235265?fxly=search_v2,18
955,749,http://www.jiayuan.com/147755692?fxly=search_v2,18
956,747,http://www.jiayuan.com/149358183?fxly=search_v2,18
957,745,http://www.jiayuan.com/61416024?fxly=search_v2,18
958,741,http://www.jiayuan.com/121512893?fxly=search_v2,18
959,739,http://www.jiayuan.com/148112373?fxly=search_v2,18
960,737,http://www.jiayuan.com/158294755?fxly=search_v2,18
961,735,http://www.jiayuan.com/169046846?fxly=search_v2,18
962,733,http://www.jiayuan.com/169027694?fxly=search_v2,18
963,731,http://www.jiayuan.com/169505306?fxly=search_v2,18
964,729,http://www.jiayuan.com/162273191?fxly=search_v2,18
965,727,http://www.jiayuan.com/158931453?fxly=search_v2,18
966,725,http://www.jiayuan.com/133829812?fxly=search_v2,18
967,723,http://www.jiayuan.com/139213085?fxly=search_v2,18
968,721,http://www.jiayuan.com/168107117?fxly=search_v2,18
969,719,http://www.jiayuan.com/166701276?fxly=search_v2,18
970,717,http://www.jiayuan.com/151801937?fxly=search_v2,18
971,715,http://www.jiayuan.com/106300669?fxly=search_v2,18
972,713,http://www.jiayuan.com/166268738?fxly=search_v2,18
973,711,http://www.jiayuan.com/148068169?fxly=search_v2,18
974,709,http://www.jiayuan.com/85496363?fxly=search_v2,18
975,707,http://www.jiayuan.com/169531292?fxly=search_v2,18
976,705,http://www.jiayuan.com/165243778?fxly=search_v2,18
977,703,http://www.jiayuan.com/167591501?fxly=search_v2,18
978,701,http://www.jiayuan.com/138314313?fxly=search_v2,18
979,699,http://www.jiayuan.com/157905416?fxly=search_v2,18
980,697,http://www.jiayuan.com/123142492?fxly=search_v2,18
981,695,http://www.jiayuan.com/167005302?fxly=search_v2,18
982,691,http://www.jiayuan.com/165712292?fxly=search_v2,18
983,689,http://www.jiayuan.com/168333583?fxly=search_v2,18
984,687,http://www.jiayuan.com/166381464?fxly=search_v2,18
985,685,http://www.jiayuan.com/80954255?fxly=search_v2,18
986,683,http://www.jiayuan.com/168429758?fxly=search_v2,18
987,681,http://www.jiayuan.com/116555456?fxly=search_v2,18
988,679,http://www.jiayuan.com/169347899?fxly=search_v2,18
989,677,http://www.jiayuan.com/168382982?fxly=search_v2,18
990,675,http://www.jiayuan.com/165736796?fxly=search_v2,18
991,673,http://www.jiayuan.com/165183183?fxly=search_v2,18
992,671,http://www.jiayuan.com/159799810?fxly=search_v2,18
993,669,http://www.jiayuan.com/168147370?fxly=search_v2,18
994,667,http://www.jiayuan.com/168846464?fxly=search_v2,18
995,665,http://www.jiayuan.com/158558012?fxly=search_v2,18
996,663,http://www.jiayuan.com/103850675?fxly=search_v2,18
997,661,http://www.jiayuan.com/143728573?fxly=search_v2,18
998,659,http://www.jiayuan.com/158333629?fxly=search_v2,18
999,657,http://www.jiayuan.com/84178788?fxly=search_v2,18
1000,655,http://www.jiayuan.com/143672849?fxly=search_v2,18
1001,653,http://www.jiayuan.com/169507916?fxly=search_v2,18
1002,651,http://www.jiayuan.com/102467914?fxly=search_v2,18
1003,649,http://www.jiayuan.com/162314593?fxly=search_v2,18
1004,647,http://www.jiayuan.com/165053629?fxly=search_v2,18
1005,645,http://www.jiayuan.com/169240673?fxly=search_v2,18
1006,641,http://www.jiayuan.com/161147531?fxly=search_v2,18
1007,639,http://www.jiayuan.com/167002059?fxly=search_v2,18
1008,637,http://www.jiayuan.com/118718714?fxly=search_v2,18
1009,635,http://www.jiayuan.com/80258057?fxly=search_v2,18
1010,633,http://www.jiayuan.com/36982969?fxly=search_v2,18
1011,631,http://www.jiayuan.com/95898684?fxly=search_v2,18
1012,629,http://www.jiayuan.com/168852478?fxly=search_v2,18
1013,627,http://www.jiayuan.com/151618782?fxly=search_v2,18
1014,625,http://www.jiayuan.com/154094129?fxly=search_v2,18
1015,623,http://www.jiayuan.com/70311127?fxly=search_v2,18
1016,621,http://www.jiayuan.com/64257791?fxly=search_v2,18
1017,619,http://www.jiayuan.com/57125905?fxly=search_v2,18
1018,617,http://www.jiayuan.com/168431362?fxly=search_v2,18
1019,615,http://www.jiayuan.com/155294879?fxly=search_v2,18
1020,613,http://www.jiayuan.com/163895581?fxly=search_v2,18
1021,611,http://www.jiayuan.com/159823651?fxly=search_v2,18
1022,609,http://www.jiayuan.com/148461515?fxly=search_v2,18
1023,607,http://www.jiayuan.com/153341269?fxly=search_v2,18
1024,605,http://www.jiayuan.com/156950742?fxly=search_v2,18
1025,603,http://www.jiayuan.com/136427519?fxly=search_v2,18
1026,601,http://www.jiayuan.com/169257452?fxly=search_v2,18
1027,599,http://www.jiayuan.com/160646777?fxly=search_v2,18
1028,597,http://www.jiayuan.com/86007247?fxly=search_v2,18
1029,595,http://www.jiayuan.com/165093172?fxly=search_v2,18
1030,591,http://www.jiayuan.com/161517686?fxly=search_v2,18
1031,589,http://www.jiayuan.com/149873305?fxly=search_v2,18
1032,587,http://www.jiayuan.com/46525531?fxly=search_v2,18
1033,585,http://www.jiayuan.com/75836838?fxly=search_v2,18
1034,583,http://www.jiayuan.com/161686778?fxly=search_v2,18
1035,581,http://www.jiayuan.com/162371390?fxly=search_v2,18
1036,579,http://www.jiayuan.com/126479681?fxly=search_v2,18
1037,577,http://www.jiayuan.com/152073391?fxly=search_v2,18
1038,575,http://www.jiayuan.com/165216123?fxly=search_v2,18
1039,573,http://www.jiayuan.com/94513940?fxly=search_v2,18
1040,571,http://www.jiayuan.com/120184696?fxly=search_v2,18
1041,569,http://www.jiayuan.com/156213521?fxly=search_v2,18
1042,567,http://www.jiayuan.com/153546939?fxly=search_v2,18
1043,565,http://www.jiayuan.com/111278801?fxly=search_v2,18
1044,563,http://www.jiayuan.com/163156024?fxly=search_v2,18
1045,561,http://www.jiayuan.com/145173477?fxly=search_v2,18
1046,559,http://www.jiayuan.com/116263957?fxly=search_v2,18
1047,557,http://www.jiayuan.com/128784667?fxly=search_v2,18
1048,555,http://www.jiayuan.com/160982904?fxly=search_v2,18
1049,553,http://www.jiayuan.com/109348353?fxly=search_v2,18
1050,551,http://www.jiayuan.com/169358390?fxly=search_v2,18
1051,549,http://www.jiayuan.com/163158442?fxly=search_v2,18
1052,547,http://www.jiayuan.com/157771993?fxly=search_v2,18
1053,545,http://www.jiayuan.com/119378229?fxly=search_v2,18
1054,541,http://www.jiayuan.com/163590761?fxly=search_v2,18
1055,539,http://www.jiayuan.com/153671198?fxly=search_v2,18
1056,537,http://www.jiayuan.com/146412432?fxly=search_v2,18
1057,535,http://www.jiayuan.com/168240379?fxly=search_v2,18
1058,533,http://www.jiayuan.com/169297922?fxly=search_v2,18
1059,531,http://www.jiayuan.com/46074837?fxly=search_v2,18
1060,529,http://www.jiayuan.com/133922205?fxly=search_v2,18
1061,527,http://www.jiayuan.com/151822924?fxly=search_v2,18
1062,525,http://www.jiayuan.com/117291909?fxly=search_v2,18
1063,523,http://www.jiayuan.com/153675762?fxly=search_v2,18
1064,521,http://www.jiayuan.com/149776269?fxly=search_v2,18
1065,519,http://www.jiayuan.com/119222737?fxly=search_v2,18
1066,517,http://www.jiayuan.com/90909579?fxly=search_v2,18
1067,515,http://www.jiayuan.com/66923684?fxly=search_v2,18
1068,513,http://www.jiayuan.com/160731750?fxly=search_v2,18
1069,511,http://www.jiayuan.com/147704139?fxly=search_v2,18
1070,509,http://www.jiayuan.com/169085622?fxly=search_v2,18
1071,507,http://www.jiayuan.com/108451081?fxly=search_v2,18
1072,505,http://www.jiayuan.com/163005434?fxly=search_v2,18
1073,503,http://www.jiayuan.com/156682759?fxly=search_v2,18
1074,501,http://www.jiayuan.com/150532489?fxly=search_v2,18
1075,499,http://www.jiayuan.com/165187586?fxly=search_v2,18
1076,497,http://www.jiayuan.com/122368981?fxly=search_v2,18
1077,495,http://www.jiayuan.com/73601556?fxly=search_v2,18
1078,491,http://www.jiayuan.com/167796414?fxly=search_v2,18
1079,489,http://www.jiayuan.com/157819764?fxly=search_v2,18
1080,487,http://www.jiayuan.com/164081361?fxly=search_v2,18
1081,485,http://www.jiayuan.com/165571399?fxly=search_v2,18
1082,483,http://www.jiayuan.com/143434217?fxly=search_v2,18
1083,481,http://www.jiayuan.com/167187582?fxly=search_v2,18
1084,479,http://www.jiayuan.com/166110552?fxly=search_v2,18
1085,477,http://www.jiayuan.com/169152593?fxly=search_v2,18
1086,475,http://www.jiayuan.com/169056229?fxly=search_v2,18
1087,473,http://www.jiayuan.com/161248964?fxly=search_v2,18
1088,471,http://www.jiayuan.com/166304464?fxly=search_v2,18
1089,469,http://www.jiayuan.com/93947996?fxly=search_v2,18
1090,467,http://www.jiayuan.com/166970303?fxly=search_v2,18
1091,465,http://www.jiayuan.com/165088831?fxly=search_v2,18
1092,463,http://www.jiayuan.com/165594134?fxly=search_v2,18
1093,461,http://www.jiayuan.com/166462765?fxly=search_v2,18
1094,459,http://www.jiayuan.com/159574007?fxly=search_v2,18
1095,457,http://www.jiayuan.com/84685617?fxly=search_v2,18
1096,455,http://www.jiayuan.com/166514390?fxly=search_v2,18
1097,453,http://www.jiayuan.com/169261636?fxly=search_v2,18
1098,451,http://www.jiayuan.com/126354109?fxly=search_v2,18
1099,449,http://www.jiayuan.com/166458918?fxly=search_v2,18
1100,447,http://www.jiayuan.com/169052980?fxly=search_v2,18
1101,445,http://www.jiayuan.com/165363347?fxly=search_v2,18
1102,441,http://www.jiayuan.com/158479395?fxly=search_v2,18
1103,439,http://www.jiayuan.com/169140821?fxly=search_v2,18
1104,437,http://www.jiayuan.com/167061657?fxly=search_v2,18
1105,435,http://www.jiayuan.com/146943118?fxly=search_v2,18
1106,433,http://www.jiayuan.com/107864642?fxly=search_v2,18
1107,431,http://www.jiayuan.com/134410837?fxly=search_v2,18
1108,429,http://www.jiayuan.com/75111381?fxly=search_v2,18
1109,427,http://www.jiayuan.com/150427781?fxly=search_v2,18
1110,425,http://www.jiayuan.com/156624118?fxly=search_v2,18
1111,423,http://www.jiayuan.com/165422076?fxly=search_v2,18
1112,421,http://www.jiayuan.com/113396678?fxly=search_v2,18
1113,419,http://www.jiayuan.com/164074902?fxly=search_v2,18
1114,417,http://www.jiayuan.com/155073812?fxly=search_v2,18
1115,415,http://www.jiayuan.com/162044011?fxly=search_v2,18
1116,413,http://www.jiayuan.com/157309483?fxly=search_v2,18
1117,411,http://www.jiayuan.com/158645577?fxly=search_v2,18
1118,409,http://www.jiayuan.com/166021908?fxly=search_v2,18
1119,407,http://www.jiayuan.com/151548027?fxly=search_v2,18
1120,405,http://www.jiayuan.com/154436222?fxly=search_v2,18
1121,403,http://www.jiayuan.com/161535134?fxly=search_v2,18
1122,401,http://www.jiayuan.com/128108471?fxly=search_v2,18
1123,399,http://www.jiayuan.com/152453533?fxly=search_v2,18
1124,397,http://www.jiayuan.com/163317321?fxly=search_v2,18
1125,395,http://www.jiayuan.com/134049770?fxly=search_v2,18
1126,391,http://www.jiayuan.com/135120753?fxly=search_v2,18
1127,389,http://www.jiayuan.com/153758798?fxly=search_v2,18
1128,387,http://www.jiayuan.com/166729711?fxly=search_v2,18
1129,385,http://www.jiayuan.com/151181097?fxly=search_v2,18
1130,383,http://www.jiayuan.com/162568607?fxly=search_v2,18
1131,381,http://www.jiayuan.com/153420527?fxly=search_v2,18
1132,379,http://www.jiayuan.com/98603355?fxly=search_v2,18
1133,377,http://www.jiayuan.com/169105775?fxly=search_v2,18
1134,375,http://www.jiayuan.com/149955564?fxly=search_v2,18
1135,373,http://www.jiayuan.com/164110563?fxly=search_v2,18
1136,371,http://www.jiayuan.com/164126136?fxly=search_v2,18
1137,369,http://www.jiayuan.com/152682282?fxly=search_v2,18
1138,367,http://www.jiayuan.com/132563797?fxly=search_v2,18
1139,365,http://www.jiayuan.com/141096675?fxly=search_v2,18
1140,363,http://www.jiayuan.com/141995812?fxly=search_v2,18
1141,361,http://www.jiayuan.com/163625681?fxly=search_v2,18
1142,359,http://www.jiayuan.com/156186970?fxly=search_v2,18
1143,357,http://www.jiayuan.com/158110201?fxly=search_v2,18
1144,355,http://www.jiayuan.com/102978903?fxly=search_v2,18
1145,353,http://www.jiayuan.com/148273052?fxly=search_v2,18
1146,351,http://www.jiayuan.com/161056200?fxly=search_v2,18
1147,349,http://www.jiayuan.com/148674347?fxly=search_v2,18
1148,347,http://www.jiayuan.com/162535547?fxly=search_v2,18
1149,345,http://www.jiayuan.com/155629407?fxly=search_v2,18
1150,341,http://www.jiayuan.com/168924349?fxly=search_v2,18
1151,339,http://www.jiayuan.com/132008857?fxly=search_v2,18
1152,337,http://www.jiayuan.com/147981385?fxly=search_v2,18
1153,335,http://www.jiayuan.com/168624185?fxly=search_v2,18
1154,333,http://www.jiayuan.com/105448030?fxly=search_v2,18
1155,331,http://www.jiayuan.com/158877228?fxly=search_v2,18
1156,329,http://www.jiayuan.com/169068159?fxly=search_v2,18
1157,327,http://www.jiayuan.com/168885502?fxly=search_v2,18
1158,325,http://www.jiayuan.com/156690515?fxly=search_v2,18
1159,323,http://www.jiayuan.com/155892480?fxly=search_v2,18
1160,321,http://www.jiayuan.com/168520148?fxly=search_v2,18
1161,319,http://www.jiayuan.com/125454356?fxly=search_v2,18
1162,317,http://www.jiayuan.com/144517821?fxly=search_v2,18
1163,315,http://www.jiayuan.com/141715754?fxly=search_v2,18
1164,313,http://www.jiayuan.com/107106848?fxly=search_v2,18
1165,311,http://www.jiayuan.com/168950374?fxly=search_v2,18
1166,309,http://www.jiayuan.com/155563320?fxly=search_v2,18
1167,307,http://www.jiayuan.com/166298589?fxly=search_v2,18
1168,305,http://www.jiayuan.com/164821671?fxly=search_v2,18
1169,303,http://www.jiayuan.com/169078116?fxly=search_v2,18
1170,301,http://www.jiayuan.com/163625818?fxly=search_v2,18
1171,299,http://www.jiayuan.com/152878241?fxly=search_v2,18
1172,297,http://www.jiayuan.com/166071828?fxly=search_v2,18
1173,295,http://www.jiayuan.com/167488079?fxly=search_v2,18
1174,291,http://www.jiayuan.com/114033151?fxly=search_v2,18
1175,289,http://www.jiayuan.com/145609647?fxly=search_v2,18
1176,287,http://www.jiayuan.com/99985659?fxly=search_v2,18
1177,285,http://www.jiayuan.com/164506472?fxly=search_v2,18
1178,283,http://www.jiayuan.com/165631291?fxly=search_v2,18
1179,281,http://www.jiayuan.com/138334256?fxly=search_v2,18
1180,279,http://www.jiayuan.com/160729560?fxly=search_v2,18
1181,277,http://www.jiayuan.com/153609621?fxly=search_v2,18
1182,275,http://www.jiayuan.com/108087568?fxly=search_v2,18
1183,273,http://www.jiayuan.com/167639881?fxly=search_v2,18
1184,271,http://www.jiayuan.com/53655294?fxly=search_v2,18
1185,269,http://www.jiayuan.com/164633338?fxly=search_v2,18
1186,267,http://www.jiayuan.com/167312587?fxly=search_v2,18
1187,265,http://www.jiayuan.com/151072934?fxly=search_v2,18
1188,263,http://www.jiayuan.com/166251493?fxly=search_v2,18
1189,261,http://www.jiayuan.com/102160208?fxly=search_v2,18
1190,259,http://www.jiayuan.com/168859841?fxly=search_v2,18
1191,257,http://www.jiayuan.com/154466748?fxly=search_v2,18
1192,255,http://www.jiayuan.com/167890740?fxly=search_v2,18
1193,253,http://www.jiayuan.com/159009481?fxly=search_v2,18
1194,251,http://www.jiayuan.com/168774353?fxly=search_v2,18
1195,249,http://www.jiayuan.com/112144322?fxly=search_v2,18
1196,247,http://www.jiayuan.com/168248805?fxly=search_v2,18
1197,245,http://www.jiayuan.com/168957161?fxly=search_v2,18
1198,241,http://www.jiayuan.com/168597901?fxly=search_v2,18
1199,239,http://www.jiayuan.com/168746313?fxly=search_v2,18
1200,237,http://www.jiayuan.com/167000291?fxly=search_v2,18
1201,235,http://www.jiayuan.com/168863873?fxly=search_v2,18
1202,233,http://www.jiayuan.com/167203673?fxly=search_v2,18
1203,231,http://www.jiayuan.com/147964729?fxly=search_v2,18
1204,229,http://www.jiayuan.com/166127276?fxly=search_v2,18
1205,227,http://www.jiayuan.com/134370508?fxly=search_v2,18
1206,225,http://www.jiayuan.com/148206365?fxly=search_v2,18
1207,223,http://www.jiayuan.com/86845904?fxly=search_v2,18
1208,221,http://www.jiayuan.com/140009962?fxly=search_v2,18
1209,219,http://www.jiayuan.com/167879795?fxly=search_v2,18
1210,217,http://www.jiayuan.com/108473576?fxly=search_v2,18
1211,215,http://www.jiayuan.com/168761339?fxly=search_v2,18
1212,213,http://www.jiayuan.com/167311428?fxly=search_v2,18
1213,211,http://www.jiayuan.com/148200120?fxly=search_v2,18
1214,209,http://www.jiayuan.com/168765546?fxly=search_v2,18
1215,207,http://www.jiayuan.com/167495979?fxly=search_v2,18
1216,205,http://www.jiayuan.com/167065028?fxly=search_v2,18
1217,203,http://www.jiayuan.com/46698189?fxly=search_v2,18
1218,201,http://www.jiayuan.com/158687816?fxly=search_v2,18
1219,199,http://www.jiayuan.com/168573648?fxly=search_v2,18
1220,197,http://www.jiayuan.com/139384804?fxly=search_v2,18
1221,195,http://www.jiayuan.com/167360917?fxly=search_v2,18
1222,191,http://www.jiayuan.com/167529056?fxly=search_v2,18
1223,189,http://www.jiayuan.com/86434594?fxly=search_v2,18
1224,187,http://www.jiayuan.com/168623551?fxly=search_v2,18
1225,185,http://www.jiayuan.com/165765324?fxly=search_v2,18
1226,183,http://www.jiayuan.com/73182669?fxly=search_v2,18
1227,181,http://www.jiayuan.com/133212992?fxly=search_v2,18
1228,179,http://www.jiayuan.com/109238396?fxly=search_v2,18
1229,177,http://www.jiayuan.com/168656817?fxly=search_v2,18
1230,175,http://www.jiayuan.com/130581299?fxly=search_v2,18
1231,173,http://www.jiayuan.com/167690991?fxly=search_v2,18
1232,171,http://www.jiayuan.com/165182495?fxly=search_v2,18
1233,169,http://www.jiayuan.com/74988955?fxly=search_v2,18
1234,167,http://www.jiayuan.com/168685826?fxly=search_v2,18
1235,165,http://www.jiayuan.com/113768477?fxly=search_v2,18
1236,163,http://www.jiayuan.com/120812732?fxly=search_v2,18
1237,161,http://www.jiayuan.com/126113537?fxly=search_v2,18
1238,159,http://www.jiayuan.com/118629825?fxly=search_v2,18
1239,157,http://www.jiayuan.com/65550227?fxly=search_v2,18
1240,155,http://www.jiayuan.com/120138493?fxly=search_v2,18
1241,153,http://www.jiayuan.com/135187653?fxly=search_v2,18
1242,151,http://www.jiayuan.com/162921353?fxly=search_v2,18
1243,149,http://www.jiayuan.com/166297694?fxly=search_v2,18
1244,147,http://www.jiayuan.com/159740614?fxly=search_v2,18
1245,145,http://www.jiayuan.com/149696808?fxly=search_v2,18
1246,141,http://www.jiayuan.com/168459407?fxly=search_v2,18
1247,139,http://www.jiayuan.com/159893809?fxly=search_v2,18
1248,137,http://www.jiayuan.com/157785416?fxly=search_v2,18
1249,135,http://www.jiayuan.com/157203038?fxly=search_v2,18
1250,133,http://www.jiayuan.com/156756446?fxly=search_v2,18
1251,131,http://www.jiayuan.com/165023716?fxly=search_v2,18
1252,129,http://www.jiayuan.com/160713077?fxly=search_v2,18
1253,127,http://www.jiayuan.com/156222924?fxly=search_v2,18
1254,125,http://www.jiayuan.com/163486929?fxly=search_v2,18
1255,123,http://www.jiayuan.com/168547595?fxly=search_v2,18
1256,121,http://www.jiayuan.com/165515417?fxly=search_v2,18
1257,119,http://www.jiayuan.com/167344154?fxly=search_v2,18
1258,117,http://www.jiayuan.com/163899909?fxly=search_v2,18
1259,115,http://www.jiayuan.com/168384888?fxly=search_v2,18
1260,113,http://www.jiayuan.com/140362284?fxly=search_v2,18
1261,111,http://www.jiayuan.com/168335448?fxly=search_v2,18
1262,109,http://www.jiayuan.com/168203297?fxly=search_v2,18
1263,107,http://www.jiayuan.com/168501239?fxly=search_v2,18
1264,105,http://www.jiayuan.com/120136417?fxly=search_v2,18
1265,103,http://www.jiayuan.com/162341583?fxly=search_v2,18
1266,101,http://www.jiayuan.com/46582202?fxly=search_v2,18
1267,99,http://www.jiayuan.com/165541379?fxly=search_v2,18
1268,97,http://www.jiayuan.com/165623382?fxly=search_v2,18
1269,95,http://www.jiayuan.com/69994201?fxly=search_v2,18
1270,91,http://www.jiayuan.com/140032200?fxly=search_v2,18
1271,89,http://www.jiayuan.com/168064130?fxly=search_v2,18
1272,87,http://www.jiayuan.com/151618472?fxly=search_v2,18
1273,85,http://www.jiayuan.com/75456903?fxly=search_v2,18
1274,83,http://www.jiayuan.com/143853722?fxly=search_v2,18
1275,81,http://www.jiayuan.com/146655213?fxly=search_v2,18
1276,79,http://www.jiayuan.com/168352858?fxly=search_v2,18
1277,77,http://www.jiayuan.com/85254953?fxly=search_v2,18
1278,75,http://www.jiayuan.com/65570661?fxly=search_v2,18
1279,73,http://www.jiayuan.com/151790572?fxly=search_v2,18
1280,71,http://www.jiayuan.com/116521507?fxly=search_v2,18
1281,69,http://www.jiayuan.com/167787955?fxly=search_v2,18
1282,67,http://www.jiayuan.com/133581285?fxly=search_v2,18
1283,65,http://www.jiayuan.com/158050485?fxly=search_v2,18
1284,63,http://www.jiayuan.com/91851160?fxly=search_v2,18
1285,61,http://www.jiayuan.com/155404272?fxly=search_v2,18
1286,59,http://www.jiayuan.com/117073190?fxly=search_v2,18
1287,57,http://www.jiayuan.com/151670324?fxly=search_v2,18
1288,55,http://www.jiayuan.com/139248635?fxly=search_v2,18
1289,53,http://www.jiayuan.com/110086483?fxly=search_v2,18
1290,51,http://www.jiayuan.com/71249109?fxly=search_v2,18
1291,49,http://www.jiayuan.com/122710854?fxly=search_v2,18
1292,47,http://www.jiayuan.com/129371821?fxly=search_v2,18
1293,45,http://www.jiayuan.com/114446634?fxly=search_v2,18
1294,41,http://www.jiayuan.com/169096796?fxly=search_v2,18
1295,39,http://www.jiayuan.com/164360904?fxly=search_v2,18
1296,37,http://www.jiayuan.com/168135754?fxly=search_v2,18
1297,35,http://www.jiayuan.com/132346192?fxly=search_v2,18
1298,33,http://www.jiayuan.com/164021722?fxly=search_v2,18
1299,31,http://www.jiayuan.com/168128036?fxly=search_v2,18
1300,29,http://www.jiayuan.com/98740661?fxly=search_v2,18
1301,27,http://www.jiayuan.com/158808703?fxly=search_v2,18
1302,25,http://www.jiayuan.com/165496629?fxly=search_v2,18
1303,23,http://www.jiayuan.com/65575667?fxly=search_v2,18
1304,21,http://www.jiayuan.com/169347031?fxly=search_v2,18
1305,19,http://www.jiayuan.com/163636778?fxly=search_v2,18
1306,17,http://www.jiayuan.com/168140601?fxly=search_v2,18
1307,15,http://www.jiayuan.com/168834739?fxly=search_v2,18
1308,13,http://www.jiayuan.com/168372917?fxly=search_v2,18
1309,11,http://www.jiayuan.com/111081528?fxly=search_v2,18
1310,9,http://www.jiayuan.com/151280997?fxly=search_v2,18
1311,7,http://www.jiayuan.com/156534157?fxly=search_v2,18
