,用户姓名,评分情况,个人主页
0,看过,很差,https://www.douban.com/people/119032993
1,碘伏棉签,力荐,https://www.douban.com/people/137474020
2,大屁眼子,很差,https://www.douban.com/people/136014666
3,王恶,还行,https://www.douban.com/people/kid007spy
4,Frenda,还行,https://www.douban.com/people/Frenda
5,乌克兰国际猪,还行,https://www.douban.com/people/80381588
6,废辣塞非,还行,https://www.douban.com/people/cy-sunny
7,Eurus.,很差,https://www.douban.com/people/108312317
8,SX,还行,https://www.douban.com/people/1831746
9,不任性,较差,https://www.douban.com/people/55699469
10,小西邪,较差,https://www.douban.com/people/52873518
11,小重山,很差,https://www.douban.com/people/nonuligodiedre
12,ftgcyer,很差,https://www.douban.com/people/124649585
13,xuancen,还行,https://www.douban.com/people/xuancen
14,南瓜公主,推荐,https://www.douban.com/people/52389655
15,嗷嗷嗷,很差,https://www.douban.com/people/72750481
16,粉红玛丽,很差,https://www.douban.com/people/shannoon
17,不愠不郁老中医,很差,https://www.douban.com/people/90561332
18,pqqqqpq,较差,https://www.douban.com/people/2015317
19,小鸭子,很差,https://www.douban.com/people/68034459
20,黄小弟,力荐,https://www.douban.com/people/didy815
21,炙热幽兰,很差,https://www.douban.com/people/hxp1989
22,卿启玮,推荐,https://www.douban.com/people/32541723
23,逃离星球,较差,https://www.douban.com/people/69935660
24,Lip_st,很差,https://www.douban.com/people/47639252
25,小王子,还行,https://www.douban.com/people/161727052
26,吉姆先森,较差,https://www.douban.com/people/62223089
27,MMMMMMMMM,很差,https://www.douban.com/people/aimilidemeigui
28,蔡Y波,还行,https://www.douban.com/people/146348247
29,小小Luka酱,很差,https://www.douban.com/people/149789045
30,那些夏季,很差,https://www.douban.com/people/162532496
31,梁眼看电影,还行,https://www.douban.com/people/movie-liang
32,清明,很差,https://www.douban.com/people/67517398
33,SoftLipa,推荐,https://www.douban.com/people/65387772
34,程程儿,很差,https://www.douban.com/people/46550592
35,rose,力荐,https://www.douban.com/people/89871545
36,herfriends,很差,https://www.douban.com/people/144963553
37,莫兰,很差,https://www.douban.com/people/50212998
38,Clio7,很差,https://www.douban.com/people/clio7always
39,Zoe吉,较差,https://www.douban.com/people/3591608
40,Magicedong,很差,https://www.douban.com/people/phoenixlfei
41,共工HFc,较差,https://www.douban.com/people/seekken
42,鱼水水,较差,https://www.douban.com/people/58617319
43,ZHUHANXUAN_,很差,https://www.douban.com/people/149782940
44,敏ちゃん,力荐,https://www.douban.com/people/Jeremytong
45,拾荒快乐,还行,https://www.douban.com/people/55480499
46,胖兔子,较差,https://www.douban.com/people/2794386
47,一颗呼啸的橘子,很差,https://www.douban.com/people/chanelv
48,U型锁再立功,很差,https://www.douban.com/people/GunCN
49,温暖的暖,很差,https://www.douban.com/people/2646870
50,木花,较差,https://www.douban.com/people/mu-hua
51,不可不戒,很差,https://www.douban.com/people/2892408
52,Sky,很差,https://www.douban.com/people/79108534
53,ney,较差,https://www.douban.com/people/neyy
54,浮士德博士,很差,https://www.douban.com/people/wxjas
55,爱玟,还行,https://www.douban.com/people/74370543
56,青谷,很差,https://www.douban.com/people/70023173
57,次等水货,很差,https://www.douban.com/people/wudaoxing
58,一一,很差,https://www.douban.com/people/xiaooooyuuuuu
59,蔺琬,还行,https://www.douban.com/people/53911150
60,■_■,很差,https://www.douban.com/people/4651831
61,我有我奥妙,很差,https://www.douban.com/people/fashioncai
62,别管我是谁,很差,https://www.douban.com/people/137451274
63,范特西,还行,https://www.douban.com/people/88213659
64,奉天正宗,很差,https://www.douban.com/people/GekiMasamune
65,大忙go！,还行,https://www.douban.com/people/York29
66,春颜易秋容,很差,https://www.douban.com/people/1548109
67,你爆炸,很差,https://www.douban.com/people/125777666
68,方块K,,https://www.douban.com/people/30920456
69,在路上的他,还行,https://www.douban.com/people/60592207
70,易心一易-轩,力荐,https://www.douban.com/people/162795212
71,mickio,很差,https://www.douban.com/people/xin9xin9xin
72,Dagny,还行,https://www.douban.com/people/chanel0214
73,justine,很差,https://www.douban.com/people/54401676
74,梁山,很差,https://www.douban.com/people/vosr
75,陈嚼冰,很差,https://www.douban.com/people/FXism
76,杀了一个菠萝蜜,还行,https://www.douban.com/people/142567609
77,去火星流浪吧,很差,https://www.douban.com/people/43562341
78,悟瘾,还行,https://www.douban.com/people/103270673
79,溢江东水,较差,https://www.douban.com/people/50278650
80,四月海,很差,https://www.douban.com/people/yetianci
81,Amanda,很差,https://www.douban.com/people/56011269
82,홍상수,很差,https://www.douban.com/people/mathson
83,忘川,较差,https://www.douban.com/people/66990212
84,Schweighofer,很差,https://www.douban.com/people/120724421
85,麦小白,很差,https://www.douban.com/people/MagicK
86,复春散2号,很差,https://www.douban.com/people/75827741
87,dreamdream,力荐,https://www.douban.com/people/130857567
88,看过,很差,https://www.douban.com/people/izl
89,在在冬眠,较差,https://www.douban.com/people/35559755
90,Ginger,,https://www.douban.com/people/Jechina
91,归兮,很差,https://www.douban.com/people/guilaio
92,南國紅豆北國枳,很差,https://www.douban.com/people/BlindwolfHyn
93,Kemieer,很差,https://www.douban.com/people/dawn.limpid
94,梦见苹果和鱼,很差,https://www.douban.com/people/72004354
95,。Y文,很差,https://www.douban.com/people/47252894
96,街的角,还行,https://www.douban.com/people/lesliema
97,梦里诗书,很差,https://www.douban.com/people/57542378
98,这老男人很正经,还行,https://www.douban.com/people/43986729
99,喜剧病毒,很差,https://www.douban.com/people/33722846
100,意马独自去,较差,https://www.douban.com/people/1433006
101,阿嚏,很差,https://www.douban.com/people/gymnopie
102,柯落,还行,https://www.douban.com/people/zhanglishan
103,Derry,推荐,https://www.douban.com/people/78098162
104,飞龙德轩,很差,https://www.douban.com/people/59340537
105,amvanessacici,很差,https://www.douban.com/people/126321720
106,/name-?P=0/,很差,https://www.douban.com/people/84340226
107,chuklann,很差,https://www.douban.com/people/58715414
108,明姬宫主,推荐,https://www.douban.com/people/104252458
109,paper99,很差,https://www.douban.com/people/60887250
110,azzz,还行,https://www.douban.com/people/47696504
111,石头纯,很差,https://www.douban.com/people/liangweicha
112,Mr.Sweet,很差,https://www.douban.com/people/64868715
113,高杉宇,很差,https://www.douban.com/people/royz
114,安藤罗摩桥㍿,还行,https://www.douban.com/people/lvpi
115,新北方,很差,https://www.douban.com/people/138798419
116,CO2,很差,https://www.douban.com/people/84517623
117,百命藏鳞,很差,https://www.douban.com/people/shenchuan
118,little-frog,很差,https://www.douban.com/people/littlefrogD
119,乂爻,较差,https://www.douban.com/people/31306840
120,吴鞑靼,很差,https://www.douban.com/people/koktebel
121,Moscheal慕,,https://www.douban.com/people/moscheal
122,小瓶子,还行,https://www.douban.com/people/65144269
123,豆豉五点见,很差,https://www.douban.com/people/dazhadanlaoshi
124,雨润温花,很差,https://www.douban.com/people/humski
125,阿怪,很差,https://www.douban.com/people/63974391
126,吃饱了撑着做俯卧撑,很差,https://www.douban.com/people/Iamfull
127,smarman,很差,https://www.douban.com/people/4190834
128,火锅,较差,https://www.douban.com/people/161663499
129,锡勒朱徳·岱钦,很差,https://www.douban.com/people/110170249
130,林少女,很差,https://www.douban.com/people/48771939
131,柔弱的角,还行,https://www.douban.com/people/132687155
132,彩戏师,很差,https://www.douban.com/people/caixishi
133,阿巴斯甜,很差,https://www.douban.com/people/38285414
134,微甜,还行,https://www.douban.com/people/celineweiyt
135,sisiyuki,力荐,https://www.douban.com/people/3023406
136,ToeyLai,还行,https://www.douban.com/people/ToeyLai
137,kaiser,较差,https://www.douban.com/people/131254591
138,abigsmile365,很差,https://www.douban.com/people/159518023
139,ephemera,很差,https://www.douban.com/people/October_Queen
140,草帽鲁菲,很差,https://www.douban.com/people/139058674
141,这是一道送分题,较差,https://www.douban.com/people/uramiya_honpo
142,____anybody,较差,https://www.douban.com/people/45940958
143,7,很差,https://www.douban.com/people/mewio-boo
144,Meteora,很差,https://www.douban.com/people/meteora
145,只羡,很差,https://www.douban.com/people/53841796
146,无关,,https://www.douban.com/people/149184441
147,小阿酥吖,力荐,https://www.douban.com/people/159022132
148,少女哪吒,还行,https://www.douban.com/people/33961343
149,化之之,还行,https://www.douban.com/people/huaan
150,窝窝头泡拿铁,还行,https://www.douban.com/people/wenzhengchen
151,option,还行,https://www.douban.com/people/159884945
152,左小猪肘,很差,https://www.douban.com/people/zuoxiaozhuzhou
153,桃桃淘电影,很差,https://www.douban.com/people/qijiuzhiyue
154,二打六,很差,https://www.douban.com/people/fuckyouidontcar
155,朵拉,很差,https://www.douban.com/people/49454457
156,张三疯,很差,https://www.douban.com/people/36234261
157,Valk,很差,https://www.douban.com/people/Valk
158,蔓越莓曲奇,很差,https://www.douban.com/people/142607202
159,C宸,还行,https://www.douban.com/people/137862737
160,2B钢笔,还行,https://www.douban.com/people/aiyawocaonima
161,Jade,还行,https://www.douban.com/people/62606706
162,黑草莓硬糖,很差,https://www.douban.com/people/2752956
163,思北晓,还行,https://www.douban.com/people/132036346
164,blurrysoul,很差,https://www.douban.com/people/115794568
165,soranges,,https://www.douban.com/people/soranges
166,小光|睡着,很差,https://www.douban.com/people/timemachine5
167,蝴蝶效应,很差,https://www.douban.com/people/wzfok2000
168,:06,,https://www.douban.com/people/adao13
169,守夜人喵酱,很差,https://www.douban.com/people/mewsays
170,小卜,很差,https://www.douban.com/people/aiyimu
171,潜意识,很差,https://www.douban.com/people/catuncle1988
172,蜜三刀,,https://www.douban.com/people/2538688
173,肉肉肉包,还行,https://www.douban.com/people/CuteBabyYang
174,蛋形矮胖子,很差,https://www.douban.com/people/72783700
175,heyalicia,较差,https://www.douban.com/people/alicialin
176,看过,较差,https://www.douban.com/people/Cccabbage
177,夏日一久,还行,https://www.douban.com/people/49922437
178,幽幽绿山石,还行,https://www.douban.com/people/3252345
179,十七。,还行,https://www.douban.com/people/below17
180,HaagenDazs,较差,https://www.douban.com/people/josephqq
181,蓝蓝黑黑,,https://www.douban.com/people/4656430
182,我说,很差,https://www.douban.com/people/chong27momo
183,月夜恋風,很差,https://www.douban.com/people/caohow1002
184,采蘑菇的小火材,推荐,https://www.douban.com/people/150279291
185,一品,较差,https://www.douban.com/people/NEUN1975
186,Μα.Кì.S,很差,https://www.douban.com/people/2341953
187,電波玖爺,很差,https://www.douban.com/people/kuso99tt99
188,妈妈叫我咬上去,很差,https://www.douban.com/people/66354264
189,荔枝超人,较差,https://www.douban.com/people/richer725
190,大浦洞二号,很差,https://www.douban.com/people/49298107
191,纳兰朗月,,https://www.douban.com/people/84625264
192,紫藤巷的ivy,较差,https://www.douban.com/people/ivyzhang1230
193,fleddy,很差,https://www.douban.com/people/chengzhuo920703
194,Mung,还行,https://www.douban.com/people/munging
195,柯林,很差,https://www.douban.com/people/hiLike
196,糖纸,还行,https://www.douban.com/people/46896226
197,Hachiko,很差,https://www.douban.com/people/andert
198,行所在,很差,https://www.douban.com/people/roczhen
199,keker_C,还行,https://www.douban.com/people/154865222
200,巫小能,很差,https://www.douban.com/people/3544502
201,virtualu,很差,https://www.douban.com/people/73078486
202,嗜梦少女,力荐,https://www.douban.com/people/157096509
203,WalkerCarver,很差,https://www.douban.com/people/CarveforLive
204,Ira™,很差,https://www.douban.com/people/canonflamenco
205,张太太在这里,还行,https://www.douban.com/people/xiaoxiaocom
206,明天过后,还行,https://www.douban.com/people/1694495
207,甜小妖,很差,https://www.douban.com/people/48979155
208,Echo,较差,https://www.douban.com/people/156287047
209,篮子,很差,https://www.douban.com/people/29148076
210,狗问山,很差,https://www.douban.com/people/gouwenshan
211,御风而行,很差,https://www.douban.com/people/140233306
212,Flanders,很差,https://www.douban.com/people/66381815
213,yyllwbc,很差,https://www.douban.com/people/157758029
214,gentilelily,力荐,https://www.douban.com/people/2256302
215,你们没有幽默感,较差,https://www.douban.com/people/ayumiya
216,高调的抽风,还行,https://www.douban.com/people/49642517
217,榴莲茶叶蛋,很差,https://www.douban.com/people/97603919
218,Ray,较差,https://www.douban.com/people/34187825
219,黑水岸,很差,https://www.douban.com/people/haoxe
220,puppy,较差,https://www.douban.com/people/69068951
221,某小含,很差,https://www.douban.com/people/ZoeGH
222,难得不见,力荐,https://www.douban.com/people/1017986
223,little抽,很差,https://www.douban.com/people/littlechou
224,啊原来是你,还行,https://www.douban.com/people/91575061
225,Terri,较差,https://www.douban.com/people/Terri0710
226,我喜欢木村先生,很差,https://www.douban.com/people/oassia
227,旧人。,较差,https://www.douban.com/people/50397753
228,小透明,,https://www.douban.com/people/151481773
229,Lornaer,较差,https://www.douban.com/people/54695232
230,songjun,很差,https://www.douban.com/people/140726079
231,Mui,还行,https://www.douban.com/people/53914126
232,小龙,力荐,https://www.douban.com/people/129732129
233,一桶,还行,https://www.douban.com/people/50719255
234,莫衷一,较差,https://www.douban.com/people/107190379
235,林言生,较差,https://www.douban.com/people/samuelsun1109
236,Toxicant.,很差,https://www.douban.com/people/162702390
237,正北偏北,很差,https://www.douban.com/people/6578851
238,木某尼,很差,https://www.douban.com/people/76590400
239,灯泡响起来,很差,https://www.douban.com/people/158785467
240,时依,较差,https://www.douban.com/people/yliu
241,wolverine,很差,https://www.douban.com/people/68841518
242,为卿白发想鸡翅,很差,https://www.douban.com/people/Seth.N.Yang
243,喜悦姑娘的猫儿,很差,https://www.douban.com/people/69475039
244,Jorrow,很差,https://www.douban.com/people/48480567
245,木易行者,很差,https://www.douban.com/people/77092352
246,唐晓芙,很差,https://www.douban.com/people/120814304
247,王老实,很差,https://www.douban.com/people/143786341
248,已注销,很差,https://www.douban.com/people/62953833
249,看过,很差,https://www.douban.com/people/3824408
250,心已屎,很差,https://www.douban.com/people/69328473
251,姜呲花,很差,https://www.douban.com/people/62972841
252,栗子大肥婆,很差,https://www.douban.com/people/137217706
253,哦啦啦,很差,https://www.douban.com/people/27250164
254,怎可,很差,https://www.douban.com/people/goodday
255,果果,还行,https://www.douban.com/people/helloc7c
256,多喝水每一天,很差,https://www.douban.com/people/lin1015
257,你以为你是谁,还行,https://www.douban.com/people/146036817
258,我的旅途,还行,https://www.douban.com/people/49531959
259,kyoyuki胤,还行,https://www.douban.com/people/kyoyuki
260,长生,很差,https://www.douban.com/people/4311656
261,UNiVeRsE,很差,https://www.douban.com/people/115943250
262,Aspie,很差,https://www.douban.com/people/42678961
263,进击的小姑娘,较差,https://www.douban.com/people/26757999
264,MZm,较差,https://www.douban.com/people/152429642
265,笑死为止,很差,https://www.douban.com/people/7230609
266,Morning,较差,https://www.douban.com/people/qiweiming750
267,MissJoe,还行,https://www.douban.com/people/joelyc
268,untitled,还行,https://www.douban.com/people/IliaGao
269,术元,较差,https://www.douban.com/people/120069149
270,ultkimi,很差,https://www.douban.com/people/findingpixar
271,昏过去哦,很差,https://www.douban.com/people/terryl
272,河马君,较差,https://www.douban.com/people/hippokun
273,Froyo,很差,https://www.douban.com/people/54393199
274,D&amp;R,很差,https://www.douban.com/people/haidaoniaoniao
275,Evelyn,很差,https://www.douban.com/people/Evelyn-7-
276,鼓浪屿,很差,https://www.douban.com/people/jihanqing
277,栗子,很差,https://www.douban.com/people/57542821
278,mine8860,很差,https://www.douban.com/people/101699373
279,gargoyle,还行,https://www.douban.com/people/47533640
280,霰雪,还行,https://www.douban.com/people/1237689
281,不良生,还行,https://www.douban.com/people/angle223
282,左手,很差,https://www.douban.com/people/40069717
283,桃乐丝,还行,https://www.douban.com/people/91711577
284,小手冰凉,,https://www.douban.com/people/1246008
285,阿旦家的蛋,很差,https://www.douban.com/people/luckyrran
286,最好的时光,还行,https://www.douban.com/people/nancy99
287,136****4239,很差,https://www.douban.com/people/161780850
288,tyueo,,https://www.douban.com/people/aboutz
289,moraynia,较差,https://www.douban.com/people/141798208
290,美鸡腿子,很差,https://www.douban.com/people/123997632
291,千一,还行,https://www.douban.com/people/128466092
292,小吴,很差,https://www.douban.com/people/131236474
293,fatman,很差,https://www.douban.com/people/paulham
294,Marcus,较差,https://www.douban.com/people/79695986
295,秋鹿,很差,https://www.douban.com/people/50527694
296,国王的驴耳朵,很差,https://www.douban.com/people/48042901
297,将离。,很差,https://www.douban.com/people/aprillu
298,什么冬梅啊,较差,https://www.douban.com/people/talentygw
299,vvshare,很差,https://www.douban.com/people/40535322
300,奸商,很差,https://www.douban.com/people/xirenju
301,屹辰君,还行,https://www.douban.com/people/c2c3
302,MINO。,很差,https://www.douban.com/people/82923307
303,十万嬉皮,很差,https://www.douban.com/people/qingnianluoke
304,Todd,很差,https://www.douban.com/people/aerbotie
305,发条坦克,很差,https://www.douban.com/people/memor
306,山羊,较差,https://www.douban.com/people/6345418
307,橙子你个哦润橘,很差,https://www.douban.com/people/145457756
308,rhapsody,很差,https://www.douban.com/people/psychistorian
309,喂喂是我,还行,https://www.douban.com/people/91294728
310,Amywinehouse,很差,https://www.douban.com/people/seesea1988
311,TIK我会很诚实,较差,https://www.douban.com/people/144972653
312,看过,很差,https://www.douban.com/people/33877976
313,火机,很差,https://www.douban.com/people/huoji
314,易先生,很差,https://www.douban.com/people/61482642
315,苏如青,还行,https://www.douban.com/people/xl521528yxf
316,汤米,很差,https://www.douban.com/people/wjscxx
317,自语症,很差,https://www.douban.com/people/zhuzi_33
318,恍恍惚惚,很差,https://www.douban.com/people/droiz
319,草虫,很差,https://www.douban.com/people/may0615
320,JACKAL,还行,https://www.douban.com/people/39666010
321,安心,较差,https://www.douban.com/people/korrie
322,張__小豆,较差,https://www.douban.com/people/z-xiaodou
323,楚兰亭,很差,https://www.douban.com/people/qingchuanchuan
324,抗抗,较差,https://www.douban.com/people/2781564
325,、白尔,很差,https://www.douban.com/people/wfdyj317
326,霍ooo,很差,https://www.douban.com/people/fuye813
327,扭腰客,很差,https://www.douban.com/people/mlsslm777
328,Matt,很差,https://www.douban.com/people/mattjiang
329,012345789,还行,https://www.douban.com/people/echo_magic
330,lydon,很差,https://www.douban.com/people/54539889
331,Jambo@碎片,很差,https://www.douban.com/people/kksai
332,byesuckerbye,很差,https://www.douban.com/people/143564356
333,Zenfer,还行,https://www.douban.com/people/zenfer
334,海洋口香糖,很差,https://www.douban.com/people/foreverGJC8023
335,古力,力荐,https://www.douban.com/people/Gu_li
336,kindsos,很差,https://www.douban.com/people/kindsos
337,看过,还行,https://www.douban.com/people/shiki
338,看过,很差,https://www.douban.com/people/58809557
339,philoseason,很差,https://www.douban.com/people/flower_N
340,Vanish,还行,https://www.douban.com/people/3273238
341,晚秋,很差,https://www.douban.com/people/152594598
342,海宁,很差,https://www.douban.com/people/37757378
343,百叶成,很差,https://www.douban.com/people/thinkids
344,琼婶改名李如意,很差,https://www.douban.com/people/kayla1016
345,what'swilliam,还行,https://www.douban.com/people/52286623
346,不懂相负,较差,https://www.douban.com/people/77161027
347,叶熙,很差,https://www.douban.com/people/3432392
348,L晓双,较差,https://www.douban.com/people/162762142
349,_sai,还行,https://www.douban.com/people/grey_07
350,彦井君,很差,https://www.douban.com/people/48808713
351,游侠一笑,很差,https://www.douban.com/people/BIANJU20170418
352,DarkSideMoon,很差,https://www.douban.com/people/DarkSideMoon
353,河马,很差,https://www.douban.com/people/hema0514
354,苏铁饼干,很差,https://www.douban.com/people/mouldersoul
355,云裳,较差,https://www.douban.com/people/zzwandouflower
356,Klayness,很差,https://www.douban.com/people/diamantejae
357,黑色筹码,很差,https://www.douban.com/people/zhongchenyuping
358,销魂,很差,https://www.douban.com/people/32487448
359,呼呼撒哒,很差,https://www.douban.com/people/43687260
360,Claire,很差,https://www.douban.com/people/69953671
361,180****7296,很差,https://www.douban.com/people/125025497
362,峰,很差,https://www.douban.com/people/zhoulifeng86
363,琪斯的妙想,很差,https://www.douban.com/people/61694079
364,帅庆庆,很差,https://www.douban.com/people/minquan
365,silk,很差,https://www.douban.com/people/silk530
366,大福,,https://www.douban.com/people/151671768
367,看过,很差,https://www.douban.com/people/53459236
368,嘻嘻,,https://www.douban.com/people/summerandsummer
369,Yin-Lien,较差,https://www.douban.com/people/1735645
370,夏煜Aquarius,很差,https://www.douban.com/people/tigerjiang
371,-于作-,很差,https://www.douban.com/people/47567889
